UUID,Anrede,Vorname,Nachname,Geburtsdatum
ec617965-88b4-4721-8158-ee36c38e4db3,Herr,Pumukel,Kobold,21.02.1962
848c39a1-0cbb-427a-ac6f-a88941943dc8,Herr,André,Schöne,16.02.1928
78dff413-7409-4313-90db-5ec95e969d6d,Frau,Antje,Kittler,12.09.1968
8670e527-3f5e-44cc-ae61-fba80268bd7f,Frau,Cindy,Gerhardt,
2d7886be-8f4e-495c-a7f9-55d99ed273c9,Frau,Ismene,Lapp,
092958db-b395-4865-9030-a22abdb17b8e,Frau,Marieluise,Augustin,
a9938cec-0209-4b95-a0ce-e0a4afa5af88,k.A.,Siglinde,Konietzko,
f2683104-974d-44eb-a060-82ed72737cbe,Frau,Elgine,Karras,
2a284519-4141-409c-a5d6-ad77bba13523,Frau,Karolina,Hamburger,
b3da4b4c-c5dc-44a6-bebb-d82f711a6576,Frau,Roseline,Jäger,
ef5ed807-6ab9-4a7c-a4be-546103a703ec,Herr,Hildemar,Güttler,
54c2e9ad-e976-4236-b553-a926dfe72da1,Herr,Robert,Stockinger,
9f964818-ad18-4856-84f5-8057b236f9dc,Herr,Gisbert,Brendler,
00a85601-d346-4574-8aee-a67e158ca5fa,Frau,Annagret,Theuer,03.10.2014
7ee9a7ea-8c79-4ea7-882b-a4e5264caa45,Herr,Lennard,Göhring,17.12.1977
cbbe4230-6570-4015-b362-ef52ceb9d6ec,Frau,Heidelies,Birr,04.03.1993
6beed271-9b90-499b-a8fe-5fddd5fbf958,Frau,Lucy,Friedemann,
71a8f09c-c824-4d4c-a370-08343d8546bd,Herr,Emerich,Lipps,
7fe0dccd-58b0-43aa-b8fb-f4fa6ca45f2f,Frau,Annedorle,Luber,
51a57f7c-2080-4fcc-8107-17b613b2b948,Frau,Anastasia,Weißmann,
b64627ef-18cf-49b5-8998-5aa5200e3459,Herr,Hilar,Angenendt,09.02.1936
4e7726e2-3ca9-4d4c-904a-bff033688162,Frau,Heide,Gierl,
c8d83f41-e84e-49b2-bf36-42544266e46e,Frau,Friedlies,Mertins,
1d9ad1bb-f4eb-4e3f-bc87-65d5e8ffb0c9,Frau,Wilhelmine,Stark,
1152b31d-50ad-40fb-ae96-d06d5517b7d8,Herr,Heiner,Strohm,05.02.1997
75558b57-a069-49bd-ae9d-e728e0890208,Frau,Madita,Neuer,
fa263101-f8c1-40be-b358-667ffd7bae2b,Frau,Angelina,Franzke,01.01.1978
18389246-51fd-463b-aa77-6b5eaa656b60,Herr,Sixtus,Korf,
20437c09-b900-493e-bf73-f14f200cea9f,k.A.,Sina,Lamparter,
13930a0b-6e7c-48db-88bc-e33454dd69f9,Herr,Dietmar,Vogeler,
79163e31-8049-4087-8beb-322935dc3cba,Herr,Gottwaldt,Meiler,
092a9cfd-1cd6-4498-afa3-45954bf4e0c2,Herr,Ekhard,Thümmler,
75ee6a3a-2ef4-4293-996b-92c052694fba,k.A.,Anneruth,Lohner,27.12.1933
7760247c-7fb4-45b8-b0da-a632e494fb0a,Frau,Bernhild,McCoy,
2eaf1f8c-6a3e-4284-9cc7-94f3042dac77,Frau,Sybilla,Jankowiak,10.02.2016
ee86c5db-e8af-470d-9295-0a329c93f063,Frau,Waltraut,Rill,
cd41bfed-7312-45b6-9437-fd8c547683c5,Frau,Hiltraut,Illgen,
7934b3bc-7474-4e80-a487-d82973051a67,k.A.,Ilsegret,Balci,16.10.1934
74f389d1-93e8-46e9-8225-31d743faf5c8,Herr,Wolfgünter,Luna,10.04.1945
4d6fdca6-2ab0-4987-8f18-2e4d07527aa9,Frau,Resel,Stutz,
080e4b51-3195-4b3a-9a3a-ffd26da25a67,k.A.,Adelfried,Eibl,
e89e0f9a-8f89-4902-9dbc-949a0dbea23d,Frau,Mechtilde,Lipps,
98a95fd9-a478-46d9-ae8b-7304cb987674,Herr,Heino,Klötzer,
a51db622-d6f5-4bc6-8626-80fb35c9c34b,Herr,Cornelius,Bertz,
b3890d6e-d282-4167-8271-58a414e698fa,k.A.,Gundhard,Rippe,
5d51ada3-b32f-4182-b59b-5aa4b631dbd7,Herr,Withold,Bartke,
1ff5bc61-5e00-46ad-a6f8-175a913e4a4d,Frau,Betti,Helms,
77de26e7-8e4c-4aa5-835a-e999449b573a,Frau,Josefine,Hirschmann,
abed3af8-9b63-4272-9585-f48170e5a932,Herr,Helmar,Dießner,
07e568a0-578b-45a8-babc-ec52e561d06b,Frau,Celine,Reineke,
a5fb617c-16b8-4f86-82c7-39e6181d68c3,Frau,Roselene,Gehlert,
c5b3ba82-a4e8-4ce4-9ff6-dcdb65e33476,Herr,Sonnhard,Gentz,
a1d0db2b-2c8a-4b69-aeb9-5f7bda7983f5,Frau,Emilia,Gilles,
11693d15-a870-438c-8ac5-2fd7d80bc32a,Herr,Burgfried,Vaughn,
a039605d-d4d2-4a66-9b75-1d45cad0f9f3,Herr,Lois,Bunte,
c4e8ee65-2617-4287-80bc-4ce60c71d615,Frau,Annerike,Durmus,
df4a6590-de70-4edc-bc77-3d7d415886a4,Herr,Eitelbert,Niedermaier,31.01.1975
1bfaf0f1-be65-45ee-9689-ea9b376596ea,Frau,Kreszenzia,Heckmann,
e63d8549-31bc-4e02-a1fc-f8821d2baf1a,Herr,Dustin,Glass,
f2e6ab30-8d1f-4fe0-87d5-46a36638cb61,Herr,Olaf,Gemeinhardt,
cbbf63d7-d366-40d1-b27a-d7e8059ebcf7,Frau,Heimgard,Schirm,07.06.1967
f35ad2aa-8cb8-4bd1-94c0-f7b47e80c257,Herr,Arnim,Hudson,
d988eba1-a890-4244-a43f-f22e2e136d94,Frau,Friedegard,Kocher,26.09.1966
8b20037b-5453-477d-9a31-c94366a5d8fd,Herr,Steve,Löchel,
1006a460-84e5-4fb4-8fd1-6a8035923bce,Frau,Friderike,Stenz,
a3ac6a60-463f-4683-9910-1f010826c79a,Herr,Heimfrid,Speckmann,
0384e148-48bf-4018-ac7d-897191f82231,Herr,Hildebrand,Tauer,01.12.1983
336257ec-1ac7-4648-a0be-a38e3b094175,Herr,Bernhart,Ceylan,
d730400e-0bda-4247-80c3-8fb6fec0632e,Herr,Conner,Gutierrez,
0122ce90-fdc0-4de6-82c5-71596f11d23e,Herr,Diethardt,Klöpper,
3e7c5c17-a933-4de5-99c2-a1fc07fbebc7,Frau,Lindhilde,Menne,
bee15bc0-2f55-4d8a-aff4-c0f6612d04af,Herr,Manfried,Koss,15.11.1971
5c159a6d-d0dc-45de-9164-a828e3a9c3f8,Herr,Siegenot,Berberich,
1b8c4ffd-5064-43cf-a153-448839e9cc25,Herr,Erfried,Drumm,12.05.2013
ed221446-68f3-4c58-add9-ece3f4a2c059,k.A.,Burghard,Schweitzer,
7e1e9395-865b-4be1-9751-0e26b4a09ca1,Frau,Ricarda,Koppenhöfer,
5bf48f71-4080-4692-83b8-e5eeb2ce2f79,Herr,Mayk,Schreck,
f5f0aebf-2734-49f5-9061-b51cddc63093,Frau,Rosegret,Saupe,
66944505-2b38-40b8-9eb6-8a220f60866d,Herr,Edmund,Städtler,
a8250f35-de81-4c7b-a299-d1b006f1967d,Herr,Jannick,Wiedemann,
c78ba9ae-86a4-4877-b37b-a56a9291da34,Herr,Bodo,Irle,
1898302f-bd71-4288-bd6b-0ac831ea914b,k.A.,Winfriede,Pluta,
d6f43263-741a-43a5-8590-7a893ab3f530,Frau,Freya,Breuer,
9a285832-987d-45a7-95e7-2e6a249b291d,Herr,Kunibert,Nehring,
3fc0ee70-be24-414c-b1ce-347fe7cd5fca,k.A.,Sophie,Glade,
3903b7f0-db5c-4d90-9c6b-a1b2ba8ef86b,Herr,Rafael,Bäumler,
e73c3aa9-f848-4417-bd05-82d5af4d88df,Herr,Wendelin,Gürtler,
b77c1cb2-c2d0-4b8b-a152-3c32b92cf093,Herr,Adelbert,Schoon,
fac06b6b-12dc-472a-9dfb-f8b505f14779,Herr,Leo,Mehl,
78b3d250-3a18-4725-91db-7f851cec1a8e,Frau,Gerdhild,Bergemann,
8091bbbc-24b7-4dd9-9fb7-d6683693e285,Frau,Katja,Wickert,
c439f979-7bb9-40db-8ad8-b4c4b0e153cc,Herr,Welf,Kalkbrenner,
d7c2ffe6-bdca-44b9-a7e1-ba6ed7682381,k.A.,Arwid,Amon,
5743c412-ba36-4e62-8207-37909fa080b5,Herr,Kasimir,Tomczak,
26caf938-175a-4304-8401-aba3bb46714d,Herr,Detlev,Lettau,28.07.1935
92c4a333-2b25-4e6a-8404-8ea65c340e34,Herr,Gundolf,Bieder,
94d2c23d-b708-4697-9309-436d32590735,Herr,Kay,Willeke,14.09.1943
1ab4d3ed-d167-4603-9c87-90b2b9cc56bc,Frau,Burglind,Pasch,
e2d4e429-a0cf-47e8-b364-6b4186804d72,Frau,Annegret,Köller,11.11.1909
1fdd8fb9-290e-4420-988f-477cb8153524,k.A.,Kora,Pflüger,
38172505-75a4-47b7-9af8-137e8284c20d,k.A.,Dominic,Kaltenecker,
4f6ed79a-d4d3-463b-8eca-be039292b7d3,k.A.,Kreszenz,Kolter,
99a8841a-3204-43a8-a5f8-98d3424be8f3,Herr,Dietwald,Münzel,
a52f92ce-bb9c-4b93-8c33-0c49e58d5ac9,Frau,Chantale,Buntrock,
b6b63b2d-2d7b-4d00-93fc-c564f5f6be62,Frau,Benedikta,Völz,
be172696-23e5-43f7-af0a-95d94657a733,k.A.,Sigfried,Fahrner,
a4dc2c1a-1318-43f0-9932-02e20503a9f6,Frau,Smilla,Timmermann,13.08.2008
da6e5511-290c-4c44-b4bb-0e0f24f116e5,Frau,Elisa,Lanfermann,
b38226bc-164e-4d99-8841-eb0ea70db870,Herr,Bartholomäus,Röhling,
64a45ca5-1349-4cda-b2a2-73bccea9197f,k.A.,Ramona,Ruder,03.11.2017
4f0d95f1-b175-47f1-a0e1-e15f5d1ed8ce,Herr,Erfried,Melchers,
73bbd088-af49-4c63-9010-3faceebe9d92,Frau,Irmlinde,Faltermeier,
eefe3c81-0427-400a-b44a-fe911760c3dc,Frau,Raingardis,Rochow,
4518d636-b0e6-487b-9ce1-b78d16cbfe49,Frau,Reinfriede,Hofmann,
b5cebf17-c7bf-45e1-8df7-729a42edaef4,Herr,Sieghard,Klingebiel,31.08.1906
12e8ee4c-03d4-40fd-803a-0f0118c9f367,k.A.,Annett,Kulke,
103a5ef2-5c08-4ebb-9280-eb39a984359e,Frau,Burghilde,Peterson,
c4e7017d-f559-4b5a-b4cc-c37f98537b62,k.A.,Oliver,Gerding,
db50abc9-f577-4cb9-a404-2e5dc8ee6ff5,Herr,Dankward,Leifeld,
22de00c1-655a-4213-adfd-f39b88034341,Frau,Utta,Dotzauer,24.09.1954
bafafa98-623c-4aa8-bfca-7928945f795d,Frau,Jasmin,Greulich,07.09.2019
a163013c-3cde-489d-84e1-2d747f42913f,Frau,Annelene,Beer,
5880876e-b0a2-457c-8bb8-a7561074cddf,Herr,Rudi,Gerstner,
69f34864-4c9a-4c20-af58-223543b54701,Frau,Lili,Bayerlein,18.01.1948
d459a342-88e8-4001-abbc-8b88bd25b327,Frau,Hiltraut,Liebing,
3d510c88-1f65-4d4e-9436-f7289572d6e4,Frau,Diana,Eisen,
a21ccb66-2a65-4bb3-b25c-04e6743ffc19,Frau,Bianka,Seliger,
41b9d9dd-bd7d-4066-82f8-a6d11893bff3,Frau,Thekla,Lochmann,09.04.1964
4469bb73-14a7-43f6-9b01-b4cc41fb59f8,Herr,Wolfbert,Ecke,30.01.1991
bb381358-ec13-443d-aadd-62f62d4a0b82,Frau,Wanda,Mieth,
1b82f258-2f95-4c1a-880a-2ffa860972c2,Frau,Sieglinde,Mauer,12.11.1948
24ab9a1d-bd75-4c1a-b714-922381b275f8,Herr,Runald,Fingerhut,24.03.1986
23c12b2c-ce73-4c66-b14c-99fb9f607636,Herr,Dankwart,Mies,
9962be0e-6cb2-43f2-b82a-84b8daf6facc,Frau,Waldburgis,Strickland,06.06.1937
3f633c00-aa33-4c31-a379-f03f82c04efa,Frau,Lidia,Flügel,
a88727b7-b422-444a-8d3a-372d656540d9,k.A.,Gottfrieda,Demski,21.03.1989
d47ccb39-6f27-4ca2-a0ae-51078354ba49,k.A.,Herlinde,Hanses,
a6866ef6-7ad5-4341-ae1f-6b97b793cdfd,Herr,Erkmar,Ralf,10.09.1984
d58ec101-5e95-4106-ab8f-76eb296be45b,Frau,Kirsten,Wacker,18.07.1980
c5b8fad7-dada-434e-8302-1e336e88c5cd,Herr,Mario,Herda,
148a0099-ff62-48dc-b0d1-09503a4ac460,Frau,Mona,Hefter,
e6412859-f3f8-4e0b-8cbd-0c470ba1d2e0,Herr,Friedhardt,Beierlein,12.10.1999
dd9317c5-72a5-43c1-9a2d-e6a014dbd457,Frau,Milena,Rasmussen,
814ef9a1-ffeb-47b4-9a31-f8600f870da4,k.A.,Hella,Klisch,09.04.2021
909bfc5c-1faf-47b6-aef6-94c7af7a5a59,Herr,Bartholomäus,Denninger,
0615d43a-0c31-4ed3-8372-5b69a733a0ae,Frau,Dorlinde,Juric,
76a165c3-0c33-4896-b40d-367f851e5b07,Herr,Reinald,Henrichs,
7cd99adc-0da5-41a0-853f-be3e02f4d334,k.A.,Grete,Strothmann,
907cfeea-cae6-466a-8ad3-1266af98a9e6,Frau,Mariegret,Bas,
925a1528-cc5e-4489-be63-cc38468becfb,Frau,Reintraud,Gnauck,
9181145b-e3b8-4efb-9c9c-eb9c89a3a569,Herr,Eitelbert,Putz,
4383b779-d764-4f8e-a561-2f63429bc439,Frau,Anka,Weihe,
28604766-800c-4c6f-afb8-f692ba44f0dc,k.A.,Notker,Nußbaumer,
f7557642-882d-4811-aff8-64950a4dc216,Herr,Rutger,Mackowiak,
4d932249-8536-44be-98f5-afb3e595cbc4,Herr,Alwin,Coenen,
16647c01-4dd8-4958-b5b8-03afc74a2a97,Frau,Notburg,Pagel,
480388b0-b812-48ba-b982-1a7c3594150e,Frau,Irmhilde,Kiener,17.10.1952
337580ca-ce8b-4257-a381-9ad8f7b0aad6,Frau,Elise,Marktschreier,
6c1ede7f-22e6-4edc-b74a-ed61d62a466d,Frau,Florine,Borchardt,
897b076d-eac8-4cbb-bb40-ccedb5cb4a47,Herr,Titus,Molzahn,
bc8259fd-e35a-4426-96f9-fb1fbe1a1bc0,Herr,Landolf,Schüller,26.10.1981
71a287f1-ca59-4cbc-995c-7012bf646bb6,Herr,Folkhardt,Dahlhoff,
fdad5241-7231-43ad-8f5e-94281b13bbe6,Herr,Ottmar,Wurm,
0a458453-9fa0-44d5-a264-85d9f47442d5,Frau,Merlind,Fecher,
f66915f6-080d-48e7-8200-47995880f572,Herr,Heinolf,Schürer,
0deffdec-0a0d-48e2-9674-e648146b7c47,Frau,Leopoldina,Niessen,
0e07aae2-7951-45ce-99bb-c752c8f924a6,Herr,Wunnibald,Knetsch,07.05.2004
6f9a0f15-717b-4efd-8927-cb9e63fd994d,Frau,Christl,Hillebrecht,
df3f15c8-c432-4440-b5d2-11d1b77d5981,Frau,Altraud,Rübsam,08.10.1974
dd12cebc-6d7f-49f7-8613-33caff5f269f,Herr,Eginhard,Emde,08.12.1941
a6f5f619-9f90-41c8-8dc4-83d12dba61d1,Herr,Matti,Thomann,
bf0244ef-4bf0-46c1-b818-06030de6278e,Herr,Barthold,Tams,
2e6f2f9a-2316-4266-906f-eb7aac223d0e,Frau,Ingetrud,Seiler,28.04.1920
81ef7932-5715-4cf7-b2d8-d062643c2f3c,Herr,Lienard,Grabs,
cae49075-03fb-4233-8882-b601e3ad31d4,k.A.,Edwin,Laakmann,06.10.1933
88b155ce-7e66-478e-8437-e47abe7038ab,Frau,Gefion,Cakmak,
87c8c943-d7d1-416a-8f94-173923b13450,Frau,Elsa,Wünsche,
7fd6533b-d6e9-4f3c-943a-7f2164f77c12,Frau,Kareen,Dieterle,
8da794e9-5eb0-40be-a527-d5fd4402124c,Herr,Bertin,Söder,25.03.1913
51c7aca1-df24-4b05-9ce4-7a040e221be6,Frau,Winfriede,Mattheis,
c1bedf09-849a-4f8c-a611-dded6af1bc87,Herr,Adalbert,Glöckner,
bbd90a60-7e58-415d-bfb2-1287d7d9244b,k.A.,Erwin,Quandt,19.09.2009
c2368509-e0f4-44ab-9bc2-02406f09a0d0,Frau,Mareen,Gerloff,21.05.1992
119228e3-889b-4fc1-b62d-5ba473d2d1c3,Herr,Birk,Sacher,
b653ef0e-a11b-42b9-8206-e70bb9f8f44a,Frau,Hedy,Kain,
edda52eb-ca82-4337-89df-7a387e5f9fc0,Herr,Mike,Ficker,
160f14fc-6684-40c9-9131-7d336b23c2a9,Frau,Holdina,Conrady,31.12.2003
fe8c39d4-4c28-42cc-8957-8bb0bf161025,Herr,Ekkart,Morina,24.12.1907
3905df0c-bd7e-4995-88e6-b65db57b8e45,Herr,Wiegbert,Haffner,11.08.1907
18d4dc34-55cd-4ace-ada8-afd0f02d88f3,Herr,Hansgünther,Volke,08.04.1938
2d9a2c79-75a9-439d-bf9b-3c1b38c779dd,Herr,Darius,Strohmeyer,
3b11e68c-3d01-4dae-bdf5-9e4268680be4,Herr,Michel,Grünig,01.09.1968
8a1c203f-5d26-46a7-9718-6858a785d83a,Herr,Alphonsus,Patzer,
2c8c0730-71a2-44a5-abe7-b54cf14fa753,Herr,Theodor,Denner,
b7a86691-f72c-48c8-8f84-f6ab3b291833,Frau,Rosa,Gertz,
92ccd0a8-feb3-4534-a3bb-c0a9d1bd9731,Frau,Lieselore,Stemmer,02.12.2010
7b92afb2-9610-4030-90e0-0617da0a9b9b,Frau,Cathrin,Pham,
dd815d56-6bd0-4c19-978a-02f817343f05,Frau,Gretlies,Wieland,
54aa7a0a-2e6c-43aa-909a-d671b1e3600d,Frau,Lindhilde,Schmucker,
2634676f-29a6-47de-9133-8aa3ac38e99a,Frau,Liesel,Zehnder,
d1af379d-889c-4fe9-9295-6f5e3b3cad86,Frau,Stella,Schwickert,29.04.1974
6a9c7597-2079-43be-99ea-fe97714bd6eb,Frau,Irmgart,Jordan,
f568f099-f1e8-4c36-986c-031a1ba5f50f,Frau,Annehild,Schrader,
c3c31c70-adb7-47ce-ade0-f543216a4ab7,Herr,Hansl,Väth,26.12.2001
fbf69032-fe1a-4059-b5bb-f31ceceb5b91,Herr,Gabriel,Stommel,15.12.1904
70d1d9c9-3b66-4845-8e2c-b3ba5224a20d,Frau,Adelheid,Figge,
5cd35fc4-6cb5-4357-9945-3060b670d4d6,Herr,Withold,Pausch,16.10.1945
bed538cc-9bc1-4dec-bbc3-6464c4ac14f3,Frau,Janett,Winterstein,
3789e5a4-c63a-49de-82dd-449282621256,Frau,Isabelle,Struß,23.01.1921
5f98fe21-140d-4293-a76a-de879f021e6e,Herr,Giesbert,Schöps,
22cf9be0-3985-4739-8514-d7bfd000e8da,Frau,Lorena,Wüllner,
d05d7854-52ce-4aa1-afeb-90645fc5bb27,Herr,Cuno,Roth,
906f3f83-1e36-4be3-99fc-042f35f1d68c,Herr,Lienard,Schroeder,
543f1f32-193e-4fc9-a7bf-7f400db53ce3,Frau,Lilli,Engelen,
720e0a1f-0d5d-4bdd-99b5-a8f7651767e5,k.A.,Barbara,Borsch,28.01.2015
1d1a156c-8731-45ff-a5c9-cbd4d5c15615,k.A.,Vivien,Schlögl,
ea56aff0-d786-4e7c-a96c-a2e4993ee4db,Herr,Lothar,Proft,
1f73fd4d-a15e-40ab-a536-17795736fd59,Frau,Chiara,Davis,
50bd50f1-5efb-4967-b6d6-b0cc7c2975e3,Frau,Carola,Polenz,
2403c594-5214-462b-acbe-052473fb736d,Frau,Jette,Thun,
1e4e78f7-8af8-4a58-8e46-db331606344f,k.A.,Hanneliese,Stahnke,
40e1d422-5ee4-47b8-a0ed-5ba78b181068,Herr,Silvio,Hemme,11.12.2018
3fb0ab9a-4d52-47a1-b04a-c1b98e32d67d,Frau,Evelyn,Caliskan,20.04.1996
c8dad3ff-e942-4591-9080-a3915d1d2fe9,Frau,Ramona,Freigang,
3a42c50d-623c-482c-a12e-3e21b192c889,Frau,Gotlind,Messing,
3e54e5c5-8125-4cca-b846-68dc87b0611c,Herr,Mirko,Speiser,
56f234ee-4ca2-45bc-ad5b-4e8090924d55,Frau,Röschen,Severin,12.08.1994
49d4fcd6-9157-4a4a-93fa-3e5c67591025,k.A.,Hermine,Grüneberg,03.02.1943
20807331-4b8a-4b82-9b85-09adbf709888,Frau,Irene,Laube,
2eb82128-0df5-4f2d-b89b-c1a83af05a5a,Herr,Dankmar,Deneke,
247a1b5c-d7ed-45c4-b78d-7f08a07178e7,Herr,Arthur,Klauck,
c32db470-c620-48f5-bc02-d91222da9e96,Frau,Christina,Holzmann,
cb6f33ad-8fcd-45ac-a494-53d28873d277,Frau,Heideliese,Spittler,
7d142cb2-40c0-48c6-8344-01cf6ca7e5a6,Frau,Jonna,Schewe,
0976e454-68aa-4007-b9e8-855dead42685,k.A.,Wilderich,Steinhoff,
a227b66c-c480-47a4-a4cc-529d95986c80,Herr,Helfrid,Hub,
c385d32a-cd8c-4504-be62-d7554546d06a,Herr,Gerhard,Taubert,18.06.1983
04f7be30-45fd-4cb0-baa6-2c801b931f7a,k.A.,Erfried,Niedermayer,15.10.1911
c259384a-c8bd-4200-ad82-dee3098a3079,Herr,Friedolf,Feldmeier,13.04.1957
3c940d6e-569d-4899-88ef-d2fd8aebb970,Frau,Huldine,Frommelt,09.04.1953
a0bb46a7-70b1-477d-8f4f-ce79fff31f90,Frau,Jolande,Grötsch,
40449a73-610e-4653-ab7c-6ab83091ec9b,Herr,Noel,Paschek,
ac9469da-9c30-44e7-b429-aeea677f6084,Frau,Kläre,Janker,05.05.1919
5becaaca-331f-4436-99e5-d1eb795ffcc5,k.A.,Eckehard,Hetzer,
6e586720-330f-4ffc-ac05-7419b0fddf45,Herr,Karleugen,Röckl,
5893a182-6462-4943-b4c8-a912afbc417e,Herr,Steve,Ried,
cf1f8cb7-4fa0-4700-b7b5-9d0433a840fc,Herr,Wernfried,Anker,
61e75ab8-56fa-47e1-b4e9-71cda8dd6f33,k.A.,Vivien,Sohr,26.11.1986
2a76122d-4128-4027-9373-0939fa3720b7,Herr,Keno,Krebs,
6df6e9dd-d0e0-414d-a87f-a658f3b52ec4,Frau,Annabell,Hense,
f3923767-f565-4934-8439-891b09361c79,k.A.,Irlanda,Wrede,
11d40b20-dd4c-413f-be63-71eb0861d890,Frau,Ilsebärbel,Hake,
eaa286b3-4786-4120-8f46-1970e14d2a22,Frau,Dorina,Nebe,
4b476336-9118-445c-ad96-189f568bc0b3,Herr,Albrecht,Quade,31.05.1962
4825361d-6888-4ebb-987a-3714e4c47573,k.A.,Jette,Ruppel,
8b642478-f034-48e2-9e4c-4d9019fc0ae2,Herr,Sylvius,Schwinn,18.05.1988
340913b3-021f-493c-9480-738c7dc647c7,Herr,Olaf,Siebers,26.02.1936
d1f479d0-f167-4284-81f3-9563f2305d6e,Herr,Tobias,Euler,18.05.1964
3129bdfc-f4ff-49f8-935e-e06636f061ef,Herr,Ronny,Wenzlaff,
7ab298e3-a6c0-4844-a8b7-c463365d5a34,Frau,Sigunde,Einhaus,
a24b0fa4-991a-4171-ac55-6fc67a5c5a75,Herr,Randolph,Peiffer,
55a72a97-94f1-4401-bdc1-498b9bfa14a6,Frau,Sonnhild,Gier,
112a95b8-10f0-4002-a2c4-36316beff18d,Frau,Merlinde,Muller,
e2b5f1e0-1d93-4a30-87fe-33bb6c68017e,Herr,Hansjoachim,Feix,
f44e8d1c-d961-4fde-befd-b3eb72787dbf,Herr,Fred,Hanke,
00b9f391-7834-4707-ac09-b58e2fb309f9,Frau,Marietheres,Linhart,
f148e873-5114-4999-92db-9fb8ae5d3837,Herr,Hariolf,Frölich,
0addd8fc-5052-49f3-8e47-e929dba1d783,Frau,Ingunde,Pfarr,
dafc542e-d0aa-41a0-afe2-91841b7d0dc9,Herr,Muhammed,Ehmke,03.04.1972
96e2321e-f765-4619-b305-e04f13e29af0,Frau,Notburga,Reichow,
e433d2a4-385a-4828-9516-58cfab3d86c0,Herr,Friedbert,Bahn,
11201b21-70e8-4de7-8ffd-ad7a1a38786d,Herr,Rudolph,Schwenzer,
0260e657-6096-43c3-8115-724917ffca8e,Herr,Alhard,Gabel,15.06.1924
444291b8-5115-43f5-8483-a3fd3905c059,Frau,Simperta,Overbeck,
997721eb-df06-470a-8c42-1049f78da642,Frau,Jolande,Schemel,11.03.1972
b15b2794-3663-4039-848a-99f1e84399ae,Herr,Berndt,Zeh,
2bb0aa75-170f-45cf-975d-ee918455709a,Frau,Sissy,Büschel,
e56db03e-b2bd-41ba-8565-cd865e7b07af,Herr,Can,Jaekel,
470854e0-3ff0-4cfa-be1d-4bd37b423731,Herr,René,Glaab,
009f05d2-90a9-491b-9a85-2148f9ebd693,k.A.,Josefine,Mühl,
ec344bcf-858f-4e5c-9293-05d981e36f90,Frau,Elselore,Etzel,
449ab399-11e2-4dd3-afad-47380ab1262f,Frau,Karolina,Rinke,
2e5efe92-cc24-4944-93cf-6a8ce199e3ec,Herr,Tom,Rosinski,
17a78bbe-7f08-446c-ad07-826ae7572d94,k.A.,Hansjörg,Hetterich,
b339f21e-4766-490b-af95-45bff038e309,Frau,Ingetrud,Gundelach,15.02.1991
c8498af8-64a4-4216-b10d-308179e7829b,Frau,Annalene,Schierholz,
4bd245ff-02b2-4c76-88ee-1d3608508d0b,k.A.,Evelin,Grotheer,
ac4688cf-69c4-46fd-9fd1-8bd3ae42c617,Herr,Barnabas,Juchem,
91654fd8-ae95-4197-ad6e-7bc81bac074c,Herr,Silas,Rogowski,
502ff9a9-c03d-4a09-8b7c-19b80b434a57,Herr,Hildebrand,Theile,
bfaf6004-fa6b-45bb-b90a-4b5e3f465db3,Herr,Herger,Willeke,05.01.1952
62d4067b-1d49-4e01-becd-8c2f0715ce4d,Herr,Erni,Henneberg,
768612c8-6087-4fc5-bd96-3ee43c842193,k.A.,Ursus,Diener,02.03.1957
0b78cf2d-9fc0-4954-9295-3724114d78e1,Herr,Otmar,Klaiber,
6b20f63f-61ca-42a0-b663-8c685718294b,Herr,Frohmund,Böttger,
efd9df92-fcd9-4012-9b2f-879af0c9ad20,Frau,Marinette,Sammet,11.11.1983
dc6e753b-f5e1-4dd7-a854-7cbd666ebb77,Frau,Kordula,Blöchl,
49cb9acd-67f8-4458-9ba4-56794fcc1973,Frau,Elke,Broll,20.06.1962
f1d58f32-fb2f-4381-a231-d8f91f25566d,Frau,Vroni,Dibbern,
a139996d-ddc8-42c8-86af-5ea6b2dc4ef4,Frau,Annkathrin,Barsch,
bda2c698-e6c6-458b-916b-b673fbaab617,Frau,Klaudia,Patz,
8d4e46d7-15dd-4f10-8ced-08f06414a9e6,Herr,Jeremie,Reynolds,02.04.1989
d56c52ea-9130-4164-97f2-ef3631d62b18,Frau,Kathrein,Brey,
aed629b0-b27d-46fa-82c5-b8009c641377,Herr,Markwart,Pollmann,28.04.1963
0cf63394-3560-42d3-a19e-847ba05e7058,k.A.,Hansheinz,Hapke,
aa69ac39-6402-44a6-bc18-513c9e744551,Frau,Florine,Reiber,
7e1565fa-8447-40ff-ad47-64b6154a4a02,Frau,Sylke,Garner,
c8561535-b542-462d-9337-3acbaf197884,Frau,Milena,Sauer,
9dcba551-1e93-4dd7-9824-1e4b7b6a12c3,Herr,Philipp,Grau,
0686b795-fdf1-41d6-8f0a-c033cc4c1ade,k.A.,Kathrin,Fährmann,
09fa7f40-284b-455d-89ff-6bd9117409dd,Herr,Siegmund,Stenglein,
e4d2d5b7-a962-467a-8082-61c29ed551e9,Herr,Heilmuth,Ziems,01.08.1923
729f0913-9b96-4dd7-8430-13efd3d02151,Herr,Norfried,Dill,
01375b7b-f84f-455b-ac8e-6b5f22625a26,Herr,Withold,Weers,
898d94ba-aa4e-47e1-aaa9-156171634fe6,Herr,Steve,Below,
ca4bf0a6-4757-453a-882f-a27dc3d499bb,k.A.,Hanneliese,Beere,
2824130a-9a66-49ce-bb82-0fc77be4887c,Herr,Christhard,Ellenberger,
4508a4f6-16ea-4d0c-811f-0513aadc52de,Herr,Hansfried,Seidensticker,
9fa445bc-c662-49ed-ad8e-ef56a9931c55,Herr,Sigward,Weiler,
412643b7-0b36-4399-ad15-8fc6efd3a728,Herr,Lienhard,Andrä,
9f78ff17-2988-4db5-b92a-102ade3bd034,Frau,Reinhildis,Rohloff,13.08.1921
b675ff60-f8d0-45f0-bd6d-56fc0bf110f9,Frau,Gudrun,Griffith,
190d1040-1110-4d83-b0ed-4abbbdeb1d38,Frau,Marlitt,Michels,
eb657fcd-b123-43a5-95ce-287b4e009123,Frau,Heideline,Knebel,
7a37e5f6-cf14-478f-8849-476460a3b8f9,Herr,Raimond,Redeker,
f0781442-5c0e-4f5a-93e2-a2db5585016c,k.A.,Christsolde,Moosmann,
22da7efd-52ff-405c-ae5c-2c5c26a6d14a,Frau,Augusta,Elsner,
86f52000-1245-4053-8dde-7059c5f90980,Herr,Lambert,Finzel,
b51a2de0-9881-4e32-b02e-f22eca6d843b,Frau,Elia,Steinbock,
f53e0898-1c7a-4f0b-9101-8fca4b1eb23a,Frau,Mirjam,Layer,
1b29b262-e90a-4866-9610-e73431a79610,Herr,André,Robert,
91ae13fa-67f8-47bf-ba15-5ad0900e861d,Herr,Andree,Obermüller,24.08.2007
d2fcaf2e-844e-4205-b123-7f5887b6b528,Frau,Giulia,Gemmer,
b2a900c2-60d8-498a-807a-82ea5390ceb0,Herr,Hans,Dumler,
e453a298-3da2-4bbb-a18f-aa363e7eea76,Frau,Babsi,Ritzer,26.07.1935
de5b82e5-b766-4607-aaea-441f1fe1bd62,Herr,Leif,Baader,12.08.1942
d1b152ac-e286-4e28-93fa-77c22e5f0f7f,Herr,Kian,Reetz,22.11.1966
364b3bbe-051f-40bc-b24f-4e48da83fc46,Herr,Rutger,Ortlieb,29.05.2005
86e7f0cb-2bc2-4287-8c22-adc82a3cef60,Herr,Inghard,Glatz,
6b93ae03-cd33-4a7f-9066-85107637ae36,Frau,Gaby,Isik,
76e94562-3ea5-4bed-87cf-0e3febdfcb95,Frau,Svea,Winzen,
32c9a216-0acf-4121-a77c-0d955d7284a5,Frau,Kati,Boettcher,
9aa3066f-d54f-4f73-8b9b-4fa3a28b64d4,k.A.,Heimbert,Nehring,
3f4afb7e-a6b1-4eb4-bbfa-61e0b37d955d,Frau,Anke,King,
4a9f0b8f-00fc-4db0-931a-2a467445ba9f,Frau,Gritta,Malinowski,20.09.2012
fccb04b3-9c6a-41be-bf16-7cfcda5cb66a,Frau,Gina,Prien,
595a1cf1-db8b-429c-b504-dea147f807b5,Herr,Enno,Lindau,
f012ed36-96f4-415e-935f-934e046f0482,Herr,Benjamin,Berge,26.11.1979
4ff27c3d-bacf-46aa-ae23-715cc9009e89,Frau,Annedore,Ewen,29.07.1990
ab0d7f35-c50f-4bc3-965f-d15f7f97502f,Herr,Reinholdt,Glander,
eb8db583-f30c-46d8-9cb7-c39edd4347f2,Herr,Henrik,Hädrich,
9d0a3694-9e00-4a54-86f8-f345762e0a51,k.A.,Rüdiger,Stürmer,04.06.1967
d76b6d22-1984-4414-b4fa-fbfea9a360fe,Herr,Daniel,Kloppenburg,31.07.2008
c3ca60e9-7486-43dd-a12b-7691222965a7,Herr,Günther,Klemke,
ebf974a0-fcdd-44b6-a7cd-b9263c6596d5,Herr,Conrad,Simonis,
11968609-02e9-4ce2-8d9d-48d0827140d8,Frau,Heide,Jeske,13.09.1984
13a197bb-9942-49f9-9f2f-f49a8704ad3b,Herr,Emanuel,Rothmeier,
c8ac6874-7a87-4a34-af68-577cb2987cf1,Herr,Friedolf,Rech,
6c870e64-563c-4124-b56d-b809769c9057,k.A.,Wernher,Hintzen,
2360d1be-b357-4ca8-a3ee-32a39c76a1bf,k.A.,Filip,Foerster,
38bab030-3e6e-4355-9284-28c3483a5b9d,Herr,Hadubert,Limpert,21.05.1903
59d14340-9ea1-4529-bc8a-ced5409534d1,Herr,Diethardt,Asal,26.08.2006
c8370729-2330-40bc-ba29-be6b1195456d,Herr,Luitpold,Mittermaier,
1de681c6-75af-4d48-922c-dd93a0bdd30c,k.A.,Sönke,Reinheimer,
65c374cf-7127-46c1-ac00-9c50f1843008,Frau,Karla,Diller,10.05.1923
0dbbdf34-2714-42be-8f3f-2a6d0a479706,Frau,Christin,Schon,
a19c31d5-e6f8-4a3e-bbd3-98387e0b663c,Frau,Simone,Latzel,
666e6014-bcb2-47fd-a350-9181a276bdf5,Frau,Inga,Scheer,15.10.1972
9a6d7faa-6c2d-425d-8f3f-18efcf76b426,Frau,Irmelinde,Weidig,
eda2c3e6-fde3-4030-b48e-e734e5eded59,k.A.,Birgitta,Kuhnen,03.04.2014
ee9b0b22-66bb-4dee-9ea4-3c441ef592ca,Herr,Timmo,Lindauer,
edfd1085-db31-425d-ac2b-dd60993798a5,Frau,Meta,Delgado,
9196db54-5407-41c6-ab9c-4316830d0432,k.A.,Remigius,Küthe,
3778cadc-0e01-4b90-8b5a-93f2c8af339f,k.A.,Irene,Mages,21.08.1950
e3f580df-3e3b-4965-a441-cdaab1936e8e,Frau,Waldburgis,Mergel,
911a8e4b-243c-4f86-ad3e-174ad6959a2d,Frau,Ilsegard,Görke,
8396eb1e-ef34-4b51-9641-4152c76685f1,Herr,Alexander,Wege,18.03.2000
af979282-5098-49b4-87bc-738b55f52e17,Herr,Justus,Stemmler,
c43bc51e-766e-4a67-8d1f-007cdac322e0,Herr,Ingfried,Petri,
6b9eefc6-1c89-4a7b-b656-829a3b35a389,Herr,Falko,Steffen,09.06.1966
12be93d7-8d9b-4628-aa7d-fdcfe98c8aeb,Herr,Winand,Sassen,
488f3709-e89c-49b5-ba16-e6dd06359100,Frau,Brünhild,Dunker,
39e07458-c9d8-4f66-8fab-1e1d1cc03e1f,Herr,Bennett,Reil,10.12.1979
dd06bdb0-c57c-442a-b233-6ff762ca4fbe,Frau,Annagret,Boone,
a766cc2c-a5cf-4d82-a9b7-6110eea4c977,Herr,Damian,Eirich,
9cef2a20-ca5d-4467-bac0-4493921c9a70,Frau,Rosa,Pelz,
bc416a24-1caa-4fbc-8dd1-09bc5ae25e0f,Herr,Franziskus,Ziebarth,
bac2eb68-ed64-48c6-8c93-e8f11d28383d,Herr,Andreas,Henschel,
b8dc1b70-8692-4d25-b6a6-786d0894f839,Frau,Irmlinde,Kupfer,20.09.1959
7ca44076-f296-45fc-948e-e579434acece,Herr,Carl,Grein,
9d475a53-46c1-4120-9ece-fa2c8797c22d,Herr,Wladislaus,Wester,
484067b9-c787-4d84-b64f-7f1386c45409,Herr,Eckhart,Junginger,
f46af644-093c-425f-9408-54c831b630ce,Herr,Desiderius,Schewe,
1b72b20a-8b7a-411b-886f-d5af5389994a,Frau,Lisa,Jürgen,
6e566b35-95e5-4aa7-abd8-5dfe056ade84,Herr,Kurt,Pfohl,
1814ce8b-f408-470b-b23f-f76c6a8d5299,Herr,Gerthold,Bruhns,
61911948-1625-4c8b-b97e-d823a55ba2df,Frau,Helga,Freiberg,
ecfa2692-1c79-438c-9780-f9fcf7c72e0c,k.A.,Cäzilie,Urban,
36a12d06-4882-4939-b655-2a2befb3e2eb,k.A.,Wolfgard,Geibel,31.03.1942
c4227f57-00f0-4209-9034-4db1c6aabaed,Herr,Hansludwig,Stiewe,19.05.1911
c2073828-a273-42e0-a0b2-c9c676554358,Herr,Joseph,Knoop,
dc433997-8484-4a42-98f4-10f946fc7c80,Frau,Adina,Hain,02.05.1996
e66f8247-b727-4c5b-9650-5bcbecf236c8,k.A.,Conrad,Ilg,
011e3c0c-c125-434f-bfb9-254b1c467da6,Herr,Veith,Wenz,
9275cad2-aee3-4efb-9de5-5630afd6f0da,Herr,Udo,Bögel,
9fb44075-2ee8-41ed-9ca7-a0c3249f9268,Frau,Gotelind,Ressel,
0d4da7a0-1da4-42fc-8752-4c20f852b579,Frau,Henriette,Westermeier,26.12.2011
e2a99089-e33d-4782-a054-f8aba3c4b0ea,Frau,Marika,Riecken,
6bd2de1c-ec97-41a1-b6f1-6e9f655df692,Herr,Engelhard,Luther,
019e31b5-f958-4fda-b424-bf0d33955b44,Herr,Alfhard,Weimann,
f174604f-68ad-4aa5-b97b-26c69e8b01af,Frau,Kirstin,Mücke,
75f1f159-27bc-48fe-8fb4-99e99b995bc2,Frau,Waltraud,Springer,
9d4ba2ab-601e-49ea-bb13-b4c8b41dbdd2,Frau,Lucia,Rinker,29.01.1955
575d58d0-7e26-4c01-bd1b-f92442efe1b8,Frau,Aloysia,Stecker,15.04.1986
60a09972-a6c2-493c-8ce0-e78a79746d6c,Herr,Burgfried,Richards,
1c1f2add-250f-4cf1-90c2-9d1ed1d1e034,Herr,Florian,Karp,28.02.1953
be73da87-bb5e-47bf-809e-67aeaf412d3c,Herr,Klemens,Jopp,
b103794c-6cf9-4de1-8546-d3341e1a323f,Herr,Heinolf,Hegewald,
29dfcecc-3bf7-436e-acf5-902fb054786b,Frau,Larissa,Niewerth,
48674e4d-cf1a-401b-a36f-69fcdca38abf,Frau,Edeltrudis,Bär,
cbdd836b-cb93-4499-ab4e-6a29d166565d,Herr,Klauspeter,Galle,
4e0060a3-13ad-402e-9fb0-9f9a897e9737,Frau,Kriemhilde,Wirsching,
c11ae07b-e901-48ba-b173-e43b6a3dc914,Herr,Utho,Ristow,
955d8ba3-7ee0-420d-b772-43cd61fe5eb6,Frau,Myrjam,Kräuter,
44fcd8ab-4c16-45b1-a1ed-03c3a8e4578f,Herr,Klauspeter,Bass,
e4ba0e6c-434a-44fc-9f43-bebc3610dc4a,Frau,Helena,Sen,
c494ef5f-5341-4edf-ba0c-b724f6fcef2d,Frau,Anna,Raible,28.08.1949
d17e1a71-4285-4307-9b49-4bb48e7159df,Herr,Helwart,Gerner,05.02.1970
850321c3-d10b-46fc-81e1-98933b42e438,Herr,Adam,Schlichting,
fb747b14-1f39-45c0-93ab-1ff99d891853,Herr,Helmfried,Krumpholz,02.10.1935
47cac631-9a97-490e-9968-63d1db608cf0,Herr,Bodomar,Liesegang,
78b331a7-3f8d-4c77-9c80-8a661e4378c5,Herr,Ottokar,Nagl,
5f4e18dd-092b-4313-8db5-1fe1ef80e27a,Herr,Burkard,Illgen,
526c5000-66ee-47e8-9385-ab73e4d177c5,k.A.,Sonnhilde,Schrödel,30.01.1970
3c5c05ff-ee43-4b6f-bd9c-7468ebdcbebb,Frau,Kriemhild,Paffrath,
3ffd731b-cec3-4c5b-a610-ae77c929061e,k.A.,Cordelia,Röck,
7fd9e299-66d3-4f8a-8b86-a089ba5fddf6,Herr,Diether,Lindemann,
7bf09c64-3107-4476-b867-2ca5b0d85871,Herr,Norbert,Klarmann,
c2331492-a292-4da6-8459-101adf5927c1,Herr,Joschka,Bäumer,
1cbd989e-5b0f-4ad4-b280-3dca919c0b9d,Frau,Bertwalda,Flaig,
433cdc2b-d1e4-47a3-bfff-363d79cb10b2,Frau,Edeltraud,Hansen,24.03.2000
02725979-8cd7-4ef2-ad80-4d7886e8bd6f,k.A.,Irmgard,Pilgram,
734ae943-70b2-4eb9-ab7d-0fe690f17610,Herr,Cedrik,Brühl,
d1878e6f-374c-4257-ba1b-65de0cbdea75,Frau,Urte,Fessler,
f0b2d711-6fb4-4d83-879a-cddbe16304a8,Herr,Wilhardt,Frei,
e39fca13-ba82-4628-82a5-5761794e6559,Frau,Jeanette,Krischke,22.10.1944
b1b6e19d-c897-439d-900d-09db53a0f893,Frau,Friederike,Bey,
4cb7b7b1-c657-4ecd-b676-65bc920872f8,Herr,Borromäus,Rossel,11.11.1967
b8dc14f6-ecf8-4406-97d2-88c8a5c93ecf,Frau,Tilla,Sauerbier,
a652d4a9-cbcf-434b-ab27-40954b11695e,k.A.,Jobst,Zimmerling,
cf47810b-6474-4ba4-9460-37dc5ea3415a,Herr,Degenhart,Mönnich,
83a3f1e1-47be-46ec-97e5-26914b25325a,Frau,Sigtraud,Steitz,
4acc7996-f269-4c3a-8402-acc33931b233,Frau,Huldine,Maucher,01.05.2013
3839b5ea-bba6-42be-98f3-f7135a43b4cb,Frau,Felizia,Heidt,11.10.1961
66467627-18d8-40c6-a791-865090f8f82b,Herr,Tommy,Matt,
4f845270-52b8-43a1-85e9-26c39795f03f,Herr,Oswin,Howard,
decdb68e-52c0-4197-b9f5-d74f228d1141,Frau,Marei,Heym,
8fb97563-0418-4855-b8d2-db9bf7e9e7e9,Herr,Mads,Fehrmann,
337a07ce-3fb0-442b-ae45-ca04cfe8d594,Herr,Jörg,Mauel,
08af86d8-5ece-4a1a-8d1c-41d654a9b22d,k.A.,Madleine,Mehringer,
02d29ef0-0d39-4a88-9f55-e8d7553c809d,Herr,Volkhart,Black,
a83492bc-9b29-4312-9f3a-2e287232dcbe,Frau,Verona,Johnston,
4e4cc391-253f-49d5-85d9-a82528c2e1e6,Frau,Kathi,Roloff,10.07.1940
b21f5184-89bd-4147-8d7f-e2a60a2bc05a,Frau,Trauthilde,Bleck,
7be18058-a171-4746-b8fd-5d8e94c64192,Frau,Leandra,Elbers,
f96bb5fb-d674-4a61-9a5d-000ee0e71a5d,Herr,Hansjakob,Günter,
91e5eebb-4685-4842-9098-9efa912cfb2c,Frau,Madeleine,Eilts,
b2616b00-a09f-42fb-b1d5-1e905185e59e,Frau,Hannemarie,Broll,
a8ccd198-de4b-40f4-aa2a-40adad1f0bc4,Frau,Lili,Keiser,
c646b2e3-cfb1-4b24-b911-066701c8cec0,Frau,Haralda,Ehrhard,
316991c0-680c-4cb4-9960-0da82feff389,Frau,Helene,Toth,
256420b9-9905-4821-8bca-4f9245ae47c8,Frau,Adeltraut,Paus,
385a32c0-1b29-4558-818f-7cd580ea6983,Herr,Hansjörn,Linhart,
7af1ab46-af7c-4d56-85ee-626a279c596a,Frau,Ula,Karge,
b13708ab-2c06-4190-87f8-c6fa313ee22f,Frau,Heidemaria,Hannig,02.08.1923
e45a130a-ee86-4150-99a0-8223546e7691,Frau,Birgitta,Eckert,
88b1cc73-e9cf-450b-abdf-7018c2562cbb,Frau,Stefani,Pesch,
4e3113a7-b703-4299-a865-2f3d5d21e96e,Herr,Wilhardt,Krabbe,07.12.2011
83818fe6-33f0-4d89-b82e-95f580e447cc,Herr,Ekkehard,Zachmann,
8b91d4ae-787b-416e-91bb-1e9e2992f0d3,Herr,Volkard,Krohne,
0187432c-8a43-40f6-9daa-e38ed8877d90,Herr,Otmar,Iffland,
007522c8-54cc-4637-a164-b6f72609deb6,Frau,Veronica,Raith,
f3068827-b6f9-4f2a-b854-6eb1121eb71a,Frau,Amy,Schöttler,
3c8d5a2b-1b46-425f-a629-4d89f7eb0644,Herr,Nikolas,Tabbert,10.07.1905
b2807e6a-cade-4e16-a800-610bf6255ab2,Herr,Winrich,Epping,02.06.1917
197b9462-45d9-4e6b-995f-bef3349073a1,Herr,Kian,Kopf,
097e7f34-012a-4653-a4cc-5215a5438acb,Herr,Gereon,Christ,
2a608a01-4a05-4b54-8f9f-703db2c55fdb,Frau,Juliane,Hübenthal,
7f2e474b-3f4d-4dd2-a1f2-8cf99c8dc550,Herr,Bodomar,Gietl,
fc795800-5c5f-4730-9331-7075b929ed31,Frau,Ehrentraut,Wilmes,
7912a3db-a552-4608-90eb-7f1130f62a24,Herr,Hilfried,Waldmann,
e209ab10-a1df-453e-a386-0efc295b1a77,Herr,Eckart,Stachowiak,19.01.1922
ffe57c04-8fab-4515-958e-c948dda78d5d,Herr,Rezzo,Jungermann,03.06.2020
70cf620c-bd38-4e8c-afb6-5b8337459c80,Herr,Sepp,Thoma,
bd95cbc6-ea94-41a2-8fb9-567c188c0964,Frau,Ermelinde,Rieth,
849053b7-f2c2-481d-8e4b-357aff95eb2c,Herr,Yannik,Kant,
5eb6bdef-530e-4c86-bc27-693d5ee83878,Frau,Jessika,Reeb,
22944edf-cba9-4e11-8b1f-b90352deeedc,Herr,Eberhard,Bunzel,17.10.1906
41f31d07-1d41-4532-99d7-12693ff85ebf,Frau,Daniela,Markmann,
5b22ec94-d33f-41bc-9630-a2ec5aa92bf0,Herr,Michel,Heß,
5e4b891d-d866-4351-a31e-44f5b3c6d56d,Herr,Wernhard,Dillmann,
c38e2bc1-3b59-4f7f-8ed4-90fc20d97d71,Herr,Enrico,Rauen,
128652f0-bac0-47ed-8bbd-cc1977b99166,Herr,Sigfrid,Wiesel,
4495db14-ad1a-496f-96ce-0f7b1189d670,Herr,Siegfried,Ranft,
871a0191-aefa-4859-8fd8-187dc34f11bb,Frau,Kyra,Balle,
028f77c4-3847-4068-bd54-2cc2c8c2caa7,Herr,Eckfried,Henkelmann,
2d543360-ccff-47b2-8dbd-d4f1dd1d0185,k.A.,Guido,Fuss,
745c9aca-5afd-47f2-92fc-f48c786f4332,k.A.,Dagomar,Barg,
84237bde-1777-4221-88ad-b5a71554b4e4,Frau,Lotte,Schneller,03.10.1909
f5763dc9-aeff-4129-8dd0-73540deb4167,Herr,Gundhart,Wilczek,
fe109ebb-748a-42e9-8c73-dfc772d3bfb6,k.A.,Rosehilde,Wegert,
fdfcf5a8-4a31-43e6-8852-34e996fbf4ce,Frau,Heiderose,Michaelsen,
f66da9e8-df3a-410d-9be7-85f2aa16002b,Frau,Franka,Hoang,
16f093f9-6f48-4f42-896f-623d8f1ba539,k.A.,Rosie,Schimmelpfennig,
ceb6a8c8-23ba-47c4-b30e-2dbc7e95c7bd,Herr,Volkher,Evans,
28b1b563-eaf2-480a-99bf-9aaa209415af,Herr,Reinwald,Lenz,
60a8189e-0d4b-4c81-8f8e-b180d664eeb4,Frau,Maritta,Schlotter,
c091452b-066d-4275-9cc7-4d18143cb601,Frau,Celia,Rützel,26.12.1902
e857e9ed-fc1a-4884-af46-2ef8ab5a1815,Frau,Rebekka,Ottersbach,26.05.1922
2639d74b-84e5-4446-8eee-f6ca962deec5,Frau,Ilsabe,Krieger,
abb79864-b332-425a-814e-020d7e7f0ead,Frau,Giesela,Plagemann,
ab7ce3ea-e51a-4c0e-91ab-541165a6f8eb,Herr,Wunnibald,Kost,18.04.1979
f01c3c76-61b3-49b9-9c7a-1f33cd536a31,Herr,Jens,Manz,
e102d6af-16c6-4c8f-9ffb-6f97d0aa8b63,Herr,Notker,Greve,18.07.1911
5e659191-e18d-41b8-ad6a-2442297f2786,Frau,Annegret,Cakmak,
4f8b1369-57e0-49db-9a44-1f7aef439b97,Herr,Sighelm,Hegele,
2ea14b3d-4971-4246-9f6b-3be1a771d2da,Frau,Stefani,Berg,
3ab4a3b7-f770-43ba-b750-92e62fc19125,Frau,Roselind,Reinhard,
cdc3e016-1604-4324-819d-ab301d1d226a,Frau,Susen,Isik,
343950f2-2d39-4663-af4e-978ffb6c7799,Herr,Ekhard,Bösche,
c213259f-d256-4f61-a902-c28dcd57719b,Frau,Sinah,Kuttler,
40ca82eb-0326-49b2-9e0e-5c93f5e0c35f,Herr,Helwart,Kimpel,17.05.1998
79e635db-ce8e-421d-9db2-5d4e771617b0,Herr,Oliver,Mergel,
eb48f034-c44a-48e5-bab2-9b3b17be5d72,Frau,Irmfriede,Manthei,
251183e0-96b4-4c45-8d06-44d99c179456,Herr,Siegert,Jasper,
e83bc56c-ab87-448f-9617-2ed641eb5eb8,Frau,Ilseruth,Ristow,25.12.1921
7f4f21b1-5c93-4259-829c-1b045e5052ff,Herr,Romanus,Bohlmann,
ae4519e8-1d88-4e93-be6d-9d23ae53459b,Frau,Brigitta,Harmon,
a234538f-cd11-4aab-809d-b0b5e4b13bbf,Herr,Hugo,Schumm,
8e02ba5f-de7c-4914-9f57-1fe28b26ba1b,Frau,Gundula,Polte,
3af48574-8579-4c65-ae52-57ba15b848e0,k.A.,Burga,Babel,
cff410d3-319b-4212-bed9-10697ddb47be,Frau,Marianne,Preuße,
3deae70f-dc8a-4c4a-adad-104f87626e5e,Herr,Borwin,Holtkamp,27.06.1940
9e6faddd-24c6-4bd8-bd6d-9c0e712c63e3,Frau,Gunda,Philipps,
27a468a6-3008-47b4-9b88-778cb3fe72ba,Herr,Benjamin,Kade,
8fb903b1-7be5-4fcf-b715-17564c3e4003,Frau,Edeltrudis,Kimpel,
2e09e683-549d-4320-b4b4-4c6db33f85e6,Frau,Gina,Geib,
792e5899-a940-4c6f-8dbd-ea2f2c36a4dd,Frau,Undine,Mühleisen,11.03.2001
14a439bf-f58c-4473-9084-5e806c84fee3,Herr,Sigmut,Thurner,
5a577f1d-43b5-44a2-b2df-e80b330b2c0e,Frau,Maike,Weißhaar,18.01.2019
d5d00bec-2087-431d-847b-a32706f84e44,Frau,Clementine,Baumbach,24.10.2005
83350a5b-9296-476f-88df-2708714d2272,k.A.,Wiegbert,Braig,
c959968d-86db-4104-87da-bbfa6c76eab7,k.A.,Kathi,Hofbauer,
f1a4cab7-a57f-4fdc-ad58-6c968f8f4ba3,Frau,Harda,Sartorius,
28a91934-ea1e-4904-bae2-1bd222deb68f,Frau,Helmtrud,Riemer,
21c35ed0-b55f-427f-8171-0a961aa9ede1,Herr,John,Schwalm,
b1441692-0692-43ca-b45e-ccdf6360b401,Herr,Marzel,Kisters,
6fd47296-7762-4e79-b266-a63fa1d7aaed,Herr,Volkbert,Weide,
11b844a8-dc0b-4a28-91de-c30f6cead9ce,Frau,Birge,Mauch,
e9caa84a-6eaa-4422-8b55-182f44aff27b,Herr,Töns,Niebel,
8c2f7073-9ed4-4f16-99e8-a19fc2c9d394,Herr,Andre,Hellinger,
06819716-79d4-49d5-b230-d1e024a0016e,Herr,Willehad,Spielmann,19.03.1964
e73d26b3-67da-4036-bd64-e276b4a6a6c1,Frau,Ursula,Wiesemann,14.01.1958
5a42be89-9f57-45ba-898a-abcb30e50672,Frau,Wendela,Droste,
403669ba-efed-4cae-ae08-8aa72c536099,k.A.,Helma,Dröge,
3631b1a1-573f-4a51-9750-85f9d95dd0ab,Frau,Hadwig,Vöge,
93a9d9cc-0efa-4ffa-9e2c-c05964901e4a,Frau,Karsta,Zocher,
7b98f91f-26a7-46b5-9dc2-637cf3cfbd98,Frau,Gertrud,Kulik,
7c772248-010f-4564-97ff-7e9bcdca87da,Frau,Tina,Seeber,06.07.1993
23977b18-5df1-48c2-ac77-2b57e41bb8d0,k.A.,Sieghelm,Lenger,26.02.1980
0f752977-843a-4f29-b234-9fb3aef36d62,Frau,Christliebe,Salazar,
f1bb57f0-239e-43b8-9428-4643c00587d6,Frau,Diana,Hof,
668bfbd2-c84a-4f99-b76f-53ce3a931672,Frau,Sighild,Partsch,
778b68a7-222c-435e-9563-f70ab42e7d19,Frau,Karena,Steinbrück,
4774329a-30ea-48b9-a11a-d89f43ccb08b,Frau,Melisande,Rotter,
f7ed8b41-43a5-4f90-a748-984330d95d4d,k.A.,Lidwina,Reinl,
4daa8869-6a99-475f-84b8-8a2f0f275010,Herr,Eberhart,Schunck,
9063f558-bc4c-430a-adac-68bbe2346dc0,Frau,Friedegund,Nikolic,
f5d758f3-f582-4721-b79d-bc7ef841e512,Frau,Hadburg,Schöpe,
3006dce3-dd6f-4f96-b56f-879ec2a1e50c,Herr,Yannis,Vocke,26.12.1989
c075178e-10bd-45e6-b169-bf7d119a7db9,Herr,Friedolin,Prieß,
e41a27b5-6af2-4807-ba3c-ce46ba4dd632,Herr,Erik,Dresler,
bc8a43ba-348a-4b73-ada5-01af36b7ce98,Herr,Emre,Lott,
602320d3-28c9-4e26-be35-fd16540df594,Frau,Sigrid,Asam,
546bfaa4-75f0-4c8a-8bb5-f495fbe7479f,Frau,Edwine,Zentgraf,18.12.1916
b718d40b-7860-4f8c-9f68-09e4164c66e7,Frau,Annedörte,Harter,11.09.1906
e31a4fe6-c35e-4f24-b71f-d82f04abb4ab,Frau,Waltrudis,Pöschl,
61d5d134-4f09-4f47-b433-b8bb1ad43990,Frau,Barbi,Duman,
1269d384-dbba-4800-908c-cbf4d8401b3b,Frau,Juliane,Novak,17.07.1964
35e472d6-97b8-4fb4-b1e1-cf4f0dcd909d,Herr,Rainer,Hellmuth,
94846a42-3952-46b6-90f1-ee0243bf91a0,Herr,Darius,Wortmann,
6e6f4b60-781f-455d-b973-1873d5a73333,Frau,Annegret,Teschner,22.12.2009
cbee86a2-880a-41a5-87b0-0fcafa5ec2a8,Frau,Celine,Wichmann,
d93ab995-68c5-453e-9a26-bb232cba1710,Frau,Liebgunde,Hoffman,
d080d84d-f20a-4e3a-aa5d-e3ee8ea26a1c,Herr,Albert,Schorn,21.02.2000
fe90b73c-5f2a-44f6-87c0-e5b8cface13d,Frau,Gotlind,Wegele,
b9984795-ee25-4d1e-acd5-fc70b80f6fda,Herr,Fridulf,Lessmann,
daac6580-4240-4346-af4f-66cafa3378ac,Herr,Gordian,Kopplin,
02ce2e93-cc13-4eed-b513-70f12823a977,Herr,Udo,Wessely,28.11.1919
df54420c-1f6d-4fa8-afe3-c70f3b856d92,Herr,Justin,Weller,11.04.1924
fa48fcb8-12a9-403b-be1a-5194d12c69b0,Frau,Hildtraud,Böger,
997b9099-fef4-46eb-9152-34e14934d2bf,Frau,Kriemhild,Aust,21.08.2011
ff0c9a3f-e6f7-4608-b02f-a3265f317f8f,Frau,Beate,Byrd,
d9fbbca0-3fd1-42e7-be2c-5c0df9b8aa77,Herr,Wulf,Ertelt,
fb85a8c2-4c86-460d-b6f1-f763428d42e3,k.A.,Ria,Eberhart,04.12.1932
6b981f4b-619c-4cd4-8d09-ce045d81d4bb,Frau,Wintrud,Polz,16.05.1961
d8191a99-f236-4a5a-8448-3da5a2719eee,Frau,Senta,Stehle,
763e0492-adcc-463c-b674-5d163b382948,Herr,Eginhardt,Korte,
16c9684c-fbbd-44dd-8223-f2c7504943a7,Frau,Lise,Eichenauer,16.09.2005
826de591-7fb2-45b3-9624-f12c1edc1f8a,Frau,Bärbl,Sievert,26.09.1907
32e7e4ea-206f-401c-bedb-1ed464d9f8a6,Herr,Alban,Eckhardt,25.01.1980
49d4f368-d103-4a1b-b21a-1d502047bce0,k.A.,Karlgünter,Pawlowski,20.10.1920
3fe83e21-ab86-421e-b1b2-e76fa44b5276,Herr,Kasimir,Stang,
989d08ee-eee6-472d-be81-aaf4d7361cc2,Frau,Sybill,Leiser,26.09.2000
c6cc0888-f4b8-4d1b-b8ba-54f291c7562f,Herr,Sieghard,Brutto,
c20ffaf8-4da8-4e22-affe-f17eecebe355,Frau,Irma,Gröning,
8832a203-3ef8-48b3-97a4-e431812b76f3,Frau,Ingelies,Kühr,
d599628e-eab4-4fe7-8910-945b8169c653,Herr,Nepomuk,Radermacher,10.11.2015
7f1aaba6-ce42-486c-8255-2b7e019be8eb,Frau,Erica,Nölke,
9832cb30-7e85-449e-8a26-baec4950fc6a,Frau,Elfgund,Weißenberger,30.06.1963
1a7500cc-30a5-4931-9825-abe8b810f181,Frau,Friedegunde,Steinbrink,
07b14b2a-2a21-4e5e-a9a1-03453dc3d339,Frau,Friedliese,Klinker,
45d1bab5-b22b-49f1-a6da-ab85255d6157,Frau,Clarissa,Hauk,
410d3dcf-043b-4ea2-9da4-8e42caca01ce,Herr,Joseph,Große,
77fc01d8-4300-44c4-9fc8-4b8bf3f60dd3,Herr,Emmerich,Rensch,19.04.1986
bcc1b8b7-50fd-4871-8def-a2ce641890b5,k.A.,Silas,Bösel,05.09.2022
6e5f2da5-ee4c-44be-8eb2-eac42ffab983,Frau,Marielouise,Nachtmann,09.10.2006
2dcc55bf-4b79-41b7-a334-a73be032fb86,Herr,Meik,Goede,09.11.1957
5430860e-e117-4a20-8add-60bf0dc25322,Herr,Rainer,Pischke,
9693dcfd-58e1-40bc-87c1-1a3e5cf12d02,Herr,Hanno,Brunotte,
f588aa7e-9681-47b5-8d6b-93be2ab6a3b1,Herr,Tobias,Klare,
097799b5-20a7-4f97-8e6f-a10b9456f5e9,Frau,Gabi,Tröger,
27568416-64ac-4844-b23d-57b72ffd475e,Herr,Fridulf,Kilinc,06.04.1935
18217b2c-7d2f-4a6d-8c47-91189a89dac2,Frau,Heidegret,Schober,13.06.1909
e95d9f4b-2720-4198-b8f8-fd6dbb0cb369,Herr,Dionys,Räder,
ce3f23c7-cdc7-4bdb-88a3-a65104d96ead,Herr,Oscar,Büsing,
3eb06c3c-b55d-42d6-803a-ee07a9fc2fa3,Frau,Cora,Velten,
69ef54cf-5ff5-4076-920b-04189c7c0b20,k.A.,Agilbert,Stützer,
e951c05b-80c9-4a46-ad4b-878a6af23616,Herr,Utz,Buchta,17.11.1975
668ad6d3-2706-4007-ae77-75248163fe04,k.A.,Clotilde,Rehbein,
60c64274-6bc5-4152-b820-cd013e9f3b34,Herr,Phillip,Fenner,
3d5790a7-286f-467a-9348-4582a2fbbd42,k.A.,Mohamed,Gies,
63dbd13c-ee15-40a0-9cb4-a5916303d3c9,Herr,Birk,Röhling,
28707244-3712-4a5e-9566-1c1127035cf8,Herr,Friedwin,Schaper,03.10.1982
e8e43c5c-1d27-4e6a-9180-a0f6407f9ae0,Frau,Irma,Martensen,
47e1a374-d64e-41e3-aaec-47f8dbe93d9d,Frau,Waldtraut,Metze,12.04.1962
bfe75d54-920c-4951-aebe-95688dee07da,k.A.,Marvin,Johanning,28.08.1955
c5fec9f3-dfb7-4cab-afe9-cd132b41dbe5,k.A.,Lars,Willeke,
4d6b50c3-d39b-480e-9d0e-c8a821023922,Frau,Reinhildis,Kühnast,
e8e2afbb-31c2-40a5-a4d9-5384795d3951,Frau,Herlind,Walser,
31aabb22-6ee1-4bb0-a0f8-2ca51d092b96,Frau,Edda,Meinel,
44854060-6219-4f16-a665-966258ba24c6,Frau,Friedegunde,Geiselhart,01.03.1994
19e47da9-3738-4e72-927b-bf27c5db9b9a,Frau,Sofia,Rach,05.07.2010
a00cfbd9-3efb-4941-acfa-b507416a05ed,Herr,Egbert,Manegold,
466e29b7-9024-45f2-a3b2-ef107b7b9f47,Frau,Noa,Smith,
a5299214-8b4a-4be7-88bd-f8f316da6b68,Frau,Rudolfina,Thoben,02.05.1935
04d04010-155a-4854-9788-3bfe1fd330ea,Herr,Alhard,Voss,
6ec96681-734d-4198-bde0-7f61be3452a2,Herr,Ferfried,Brönner,
0aa66eb0-4d4f-4764-b08e-7873d673d9a7,Herr,Neithart,Doege,
8ca3d8c0-c3df-41e2-a63f-f08be718ac1a,Frau,Alwine,Petry,
1c66972d-29ee-46fa-9855-23d7fe652f26,Frau,Isolde,Büschel,28.04.1920
3eaa8afb-e50e-4488-a8ef-d92da4810ad2,Frau,Christsolde,Lambertz,
14ba0ddd-01ab-45c9-853e-e638b337f662,Herr,Eginhard,Beutel,
58c60af5-f762-4f32-b1f2-3547001d5446,Herr,Arnfred,Wirtz,
92416cad-23e3-4449-9acf-70047e966f95,k.A.,Tiemo,Hacker,19.01.1984
d3318043-49f8-4f5e-8ced-5ae8562e9f7b,Frau,Jamie,Eisenblätter,21.04.1910
8f7e3be1-2762-4b1c-8ea2-b1e53553b68f,Herr,Claus,Harrer,
3b32f86a-4c6d-4fe6-b332-b10d3cce9b2b,Frau,Heidemaria,Bingel,
c06c735e-bc33-481f-91af-7e5306a3711f,Herr,Alexander,Greb,18.05.1996
8be5283f-6089-47e8-832d-ae083aab139f,Frau,Käte,Otto,22.08.1904
361a7920-761b-43e3-9ded-5dd322a3e988,Frau,Hildegard,Reutter,04.09.1966
c082bcb0-f764-4e7b-b856-52ca46be21f8,Frau,Celine,Osman,
5a88d094-12c6-4096-9fed-39cfa54d2d90,Herr,Jonny,Tischer,
e3303a5f-87a4-4dce-9fa7-ba5eb31e21d3,Herr,Wenzel,Löwenstein,
dfdf73de-6bba-4e0f-b6bd-a1ce00b97fdf,Herr,Benediktus,Mergel,
a356672b-5c01-4f60-8a5d-60ddaaff5925,Herr,Herwart,Rascher,21.07.1962
0e969037-4949-49da-a337-37d9eb4c2c96,Frau,Ortraud,Wittig,
a51a1c05-4246-40c4-8fb4-7704617f9d77,Herr,Samuel,Krings,14.10.2012
6d082c8b-3fe9-4e82-aa52-b1f984e864fd,Herr,Sigwart,Rietz,07.01.2001
174965ba-dd92-498f-86ed-a9c6813ab135,Frau,Henriette,Siegl,
8cb4239c-4224-46bd-b1ca-29dff0d38958,Herr,Jost,Seeberger,30.06.1997
23aa4a9f-d698-4c46-855d-86665a281ae0,Frau,Arite,Dombrowski,
b64a2de6-093d-4976-8211-c313f4fa60a7,Herr,Thomas,Eberlein,
97b05ca1-f9c4-4103-813a-89272526ecec,Herr,Hansgünther,Schillings,
9b87765d-531f-470e-b9ea-74dada785de3,Frau,Ilsabe,Kohlhaas,
d6935530-c9c9-441e-9834-d277a4e7750b,Herr,Frankmut,Hugo,
2c7553a3-021b-4d52-a5bc-733c9e21f81f,Frau,Mirja,Kromm,11.01.1996
4e91d90c-f3af-4524-affb-ef560aa93731,Frau,Hanneliese,Stang,27.08.1947
bd8cb865-d8fa-4f4a-9b1b-9fc2a6d1a520,Herr,Magnus,Utech,
f8c9ab91-b359-498a-a5b4-ec3d22c90de3,Herr,Otthein,Kaatz,
c915e5c4-acd1-4b10-ae0f-5ed1db7b37e5,Herr,Hanshermann,Wegmann,20.12.1952
1e7492fa-b0c4-467c-952e-83b9e5fe6b5b,Frau,Roslinda,Dinter,
98c08936-91b1-4434-9576-1c721808171e,Herr,Waldemar,Baumgartl,15.07.1928
04b11b1d-fb21-4756-a31d-929acbefa273,k.A.,Carmen,Dost,
43eeeb00-540a-4e21-805e-3f6cd2dd4bbd,Herr,Jobst,Winterhalter,12.08.1957
b4d75448-f5aa-473e-8119-e1534b07e872,Frau,Constanze,Thieme,
b80f24a0-6591-4a6b-bf04-f277b0889df9,Frau,Rosie,Masuch,25.11.2001
e8b048b1-ee46-4a09-8338-d766e2bc5d15,Frau,Elwine,Krahe,16.10.1952
f35b46d7-2878-4440-9015-99f006949285,Frau,Marianne,Brückner,10.07.1985
ec768713-4d69-4e7e-85b6-a593135ebb55,Herr,Manfred,Vedder,01.05.2000
5a9c5f04-1cb7-4abf-b311-36ac947236c2,Frau,Elenore,Bredemeier,
2756405a-1b48-4c55-ad32-0bacd0eb94a3,Frau,Greta,Kirsten,
c13e0704-f99e-4e65-8b05-5aee543adecd,Frau,Lidia,Schmelz,22.04.1992
10613145-e259-46ba-aa8d-36445f1040c7,k.A.,Hedda,Tietz,15.03.1903
8fb99e00-3505-451a-a66f-8e7b0d708d3c,k.A.,Merle,Stuke,10.01.1962
7d9e12fd-8175-44f9-ab5f-65224278ed08,Herr,Siegwald,Siegert,
3eb1616b-95bb-4443-a6d4-c53f81d5681c,Frau,Rosl,Heering,
c40350b5-2312-4f7b-ae4b-4ddf5d841fc7,k.A.,Sighilde,Rath,
f8502901-a794-4087-9538-15da224e7684,Herr,Rolf,Gonzalez,
f5c897b6-1473-43cb-9864-4c3dea88104f,Herr,Friedebert,Kreutz,
12c31202-95f6-45ef-9567-07c9f33b555c,Herr,Gerwin,Lüneburg,
f0d3cc6f-c394-40c2-8132-567d48c0105b,Frau,Frohlinde,Bamberger,12.04.1984
65c9e921-1947-4fd6-bde5-05e8c856169c,Herr,Edgar,Steinbach,
9ea2c155-3c37-45c3-b3b8-c38e42fb74ce,Herr,Gotthilf,Wellnitz,
399b302f-9d94-429e-b16c-9dafade4082c,Herr,Antonio,Gerling,
493ac413-5678-4179-96fd-c3d4822c6961,Herr,Ottheinrich,Hermsdorf,
aa9ae240-f376-4090-900a-c069b2910b18,Frau,Iris,Day,
9c1050ef-821f-4777-a4c5-11b2bbf51f01,Herr,Arnhart,Ringwald,01.06.1987
1e76c951-f765-44a1-89a8-a3fd6c0d21e7,k.A.,Matti,Wentzel,11.05.1945
59423ec6-61ce-4d1d-a357-cf239474fcb3,Herr,Gunnar,Armbrecht,
0dc4dbf5-a2e7-4a27-9d3e-fd599edce1f1,Frau,Ingemarie,Weickert,
0b26f58e-a2d7-4944-b853-2bbc26dd790c,Frau,Kriemhild,McDaniel,
c0cd1e73-079d-4f94-b091-0f0b43aa02ca,Frau,Jessika,Niggemann,
e826b3a1-cc85-4b24-a433-956fddecae47,Herr,Hildebert,Haider,28.03.2009
b99e1ce2-6c13-4aa6-b838-43742a69c84e,Frau,Emmy,Oberhauser,29.10.1932
621b23a7-83d4-4b60-b979-a033aca075c0,Herr,Nikolaus,Benndorf,
9f5f97bb-5eb1-42c3-9c22-6a5c975a4a7f,Herr,Ekhardt,Burton,
606f0857-80f9-4581-9f69-db339bd4b5cb,Frau,Zenzi,Papp,
4967fe0f-805c-4663-9c7a-a7cb332f12fd,Frau,Annekathrin,Irion,
45825a6e-e5ea-4f56-8271-149f00135a7e,Herr,Meinrad,Stauber,
7d70caef-a6f4-4172-8eb5-c7c18e846219,Herr,Sighard,Weißenfels,19.05.1934
0ea6e11a-86d1-4bd7-a0a5-cfb5f095e31e,Frau,Ingedore,Duschek,
fc4cf434-3d30-4cb3-a009-85df221e652a,Frau,Emmely,Paul,13.11.1912
6cfcb8e3-4972-42fb-95b4-38f21016158a,Frau,Rebecka,Graichen,
821fdc54-de74-490b-b4e8-6001416b2455,Herr,Dagomar,Klauser,07.04.1938
00d326bf-8873-4aba-be4c-065d506665ca,Frau,Waltrud,Korf,24.06.2018
daa53d7f-e9fd-4e45-b18b-f242222a6629,Herr,Baldur,Thaller,
9893b3f0-bd11-4661-9eb6-e4c3fa5b6c9a,Frau,Lilibeth,Bruder,15.09.1949
3b18b7ad-1c0b-4d34-ac21-3e4a9b5b1f26,Herr,Connor,Seelmann,
5243363e-4fbb-46eb-8449-15ee5389b32d,Herr,Theophil,Reeh,22.01.1978
4446e8a1-ab7b-4411-998e-a90225eaef14,Herr,Volkhardt,Tauber,22.03.2012
50537a69-a46c-4832-b819-0d3227b33973,Herr,Tore,Pruß,
5795e44a-dd8f-426f-83e5-c21b17445052,Herr,Matteo,Witte,05.08.1949
a284042b-4b27-463a-859c-dde6d7a9e2a3,Frau,Mechtilde,Schenker,
7c10d156-8e4e-46f9-b651-3b06f857ec1e,Frau,Mechtild,Herzog,
e0647fb7-b928-4ec9-a374-0fb4c5927292,Frau,Krimhilde,Himmel,
c5a5155d-79b1-47dd-b04f-f3909face731,Frau,Heidegret,Stucke,
7a934a53-85a2-4200-9639-40f469235ba9,Herr,Johann,Jürges,
bf7ed614-0263-4941-a1be-b5bbda49fdbb,Herr,Jeremie,Schwarzkopf,
8e2e50bf-c0ec-46be-80f5-47eec1f0f897,Herr,Leon,Raasch,
d18a4abf-c471-4450-9e32-f9620e4f0564,Herr,Emmeram,Mill,
19406132-dfe1-4814-a7f9-7f262d8c4632,Frau,Wolfhilde,Jäkel,
7f58940a-8f04-4a61-be3f-37851bf6eb3f,Herr,Manhold,Wachholz,13.09.1976
ae69602a-2794-4ee4-b49e-f3704c54fc61,Frau,Alyssa,Oestreicher,
afe85de0-1b41-4870-a7f4-4f58efe18509,Herr,Marcellus,Pies,17.02.1913
4a52eded-9f27-4add-bfa9-7b2798cafcd4,Herr,Otheinrich,Sondermann,
6fb1321c-f2cd-4f3d-87ab-c93dbc4d8bc4,Frau,Hermi,Göhler,
fea9e4cb-0eb8-4527-8066-a9e37fd12ac8,Herr,Jan,Stock,
a76add5a-a80c-4f13-8524-cef177d8a9e3,Frau,Gabriela,Wiechers,12.11.2001
98d18684-dd86-4590-89b2-954057a3eec3,Herr,Ortfried,Horst,
cd7f930a-e1da-4fb1-a229-0f4f11cfa345,Frau,Dorlis,Dethlefs,
e00faa88-0eda-4962-9fb4-928d05c6a564,Frau,Belinda,Ahlborn,
7580bb20-176e-4c29-b722-af953b9104ee,Frau,Adeltraut,Höcherl,
44e5a17d-72b5-46ea-8cf1-83c1284b9eab,Frau,Dorlinde,Holloway,
045404d5-8d7f-4a76-b40c-894216567a2d,Herr,Bartosch,Jochum,
7fbf01df-b3b4-4efd-88f8-cef0d853df4b,Herr,Rutger,Ohnesorge,
6706e112-780a-4618-ad71-c8c7e196e100,Frau,Birgit,Titze,
8deecb00-ab32-4926-912d-2adcbdba2e23,Herr,Burckhardt,Witte,
a0a00567-1719-49c8-a95d-be809869122f,Frau,Elfrieda,Wurzel,
61e6b2be-1df8-442f-b0bb-28417f48a8f0,Frau,Janette,Moos,08.02.1908
f14bf644-528b-40c7-9989-054f3f49facc,Frau,Laila,Grein,21.09.1940
c1b073a5-cd17-4c46-be23-cb32a22954ae,Frau,Annika,Kirschke,
13a156fa-edf1-4b7f-a668-76322d5d8afa,Frau,Roselies,Döpke,
b9e8cff5-e2a1-45a1-8bbf-c37403bf6182,Frau,Ingrun,Spangenberg,22.01.1933
039acf6c-ad9c-4477-8dc1-f062b550a9c5,Frau,Waltrude,Bröder,17.05.1979
09ecd6e6-6cf0-4895-b8e3-fa53cd6c1019,Herr,Willibald,Sauerbier,
c4a45843-d9a6-4ead-98ef-917345929d67,Frau,Nicole,Brockmeyer,
8c535405-84a4-4434-b54f-f865c0295cc0,Frau,Elisabetha,Huse,
dd45af23-40b8-4af5-aa71-e0b4698a221a,Frau,Christl,Briggs,
66f4e5a0-2593-4090-b581-c88b8525e34b,Herr,Hellfried,Suchy,
b7a32240-decc-4511-b339-ef370efe368d,Frau,Florentine,Denninger,
b316c2a9-b4fa-4b5a-98ab-da536fdd8238,Frau,Berngard,Hölzel,
ab4b16b1-357f-46c9-a085-1f2c8f3a329d,Herr,Steffen,Heß,
c8e2653d-0595-4941-85a9-f0595de90251,Herr,Karlheinrich,Vanselow,
b5afea1e-375c-4d3e-8124-007e5d3257d6,Frau,Simone,Schmauder,
bddfbd63-e67c-44ee-a35a-30294833085e,k.A.,Gernfried,Zilch,28.11.1921
07adb416-e179-43d3-8906-9eb2a5513443,Herr,Silas,Zirkel,
9476f461-814e-4b17-9471-d85669d6bd8d,Frau,Sarah,Angenendt,
d4d4d94d-04f3-4145-84f7-cc8c05f2248c,Frau,Katrin,Dammer,22.11.1906
10f84220-aa93-4c88-9902-ffb4c156c93c,Herr,Theohold,Becherer,
0c78a2c7-e7a6-4111-8102-9a5a7ee166c3,Herr,Christian,Franzen,
bd5dad21-c6c1-4bb8-a283-f91b33b6bfb6,Herr,Friedbert,Bernau,
a099caef-9ac7-4f3e-a1b8-546915585a18,Herr,Friedhelm,Bachmann,
e88d5754-5d32-4d3e-9691-f9f2a78f2706,Herr,Rigo,Uhl,
18986293-00a1-46fe-b854-c46a1183ad59,Frau,Margarethe,Schommer,
bece27a7-910f-4e78-bbe7-6b5c4719fd1f,Frau,Leonore,Wessling,
d6e14fee-3da6-4ed0-b359-2cf5a321da94,Frau,Konstanze,Butterweck,
3d6d1d46-21ef-475f-b2dd-c594388809d5,Herr,Helmo,Molz,
fdebbd3f-1cb6-469d-a024-e2e41c7fc852,Frau,Lara,Straub,
60553862-78e3-43e7-bb5b-920d0738a281,Frau,Mathilde,Jenke,03.10.1929
16d32ec6-cbf0-48ef-979c-aef3cff7ea4d,Herr,Börries,Flock,
75d5fe7c-edfc-4211-a07d-9cc3ec8fc0dc,Herr,Helm,Ling,
b113f9ad-0166-4b43-9958-099faafced4c,Herr,Swen,Krammer,31.07.1911
97cb68dd-2127-45d4-8162-32e444591f7b,Frau,Elisabeth,Ohms,
e1aaf214-4f32-4e98-b674-49b6b764d43f,Herr,Altfried,Röhl,
e0e392e5-7932-4de7-a9db-cc9d8fdf2795,Herr,Heidfried,Ronge,
5232eb39-c358-4b58-bb30-3def01b3139a,Herr,Wiethold,Schaich,
c143cdc0-9094-4da2-90e8-bda7de377b02,Herr,Woldemar,Wollny,
6a0a6a15-9b43-421b-be55-0a85a10345bd,Herr,Notker,Eiselt,16.08.1975
b6da68a3-7c47-40b7-9ad7-816591113956,Frau,Emelie,Kahnt,
589328be-d165-4071-8a5d-b37605f4c349,Frau,Friedegard,Lembcke,19.09.1903
c20d24b2-e43d-42a7-8222-46acf530c783,Herr,Reginbert,Tjaden,
4a9ff3ce-53e2-475c-b617-211e76e085a0,Frau,Irene,Schneck,
991f723a-3310-4a40-85c1-fea7ae0559d4,k.A.,Hermfried,Steinig,25.08.1991
882d3b97-911f-43f7-9526-e0bfe05167cd,Herr,Mark,Klump,
62084366-cc0e-4c9e-93ea-e99cec7d44d9,Herr,Sieghardt,Harmsen,14.03.1930
66c7b87e-595f-46a5-aada-72c0375fc12b,k.A.,Nicola,Scholl,
3646104e-075e-48e9-9ede-5349cba2969d,Herr,Hansjoachim,Schaffer,
5937cf48-bbf2-4675-a2e7-c5fc0e3324bf,Frau,Jamie,Kuske,06.01.1955
19536320-db08-4340-a03a-dc40ad573389,Herr,Bastian,Brinkhoff,11.03.1986
70b73468-240d-427a-811d-f917aead20bc,Frau,Dana,Berry,
49b69fe7-a18d-43c8-84b6-788814f64968,Herr,Dittmar,Johne,
d7c815ed-d8b4-4947-9376-a7951faef13d,Herr,Borwin,Romero,
47276b70-4f4c-4e8f-9eb2-1cb308edf8b1,Frau,Peggy,Ray,
25a0d014-65e7-47da-8951-884551675254,k.A.,Raingardis,Cannon,30.12.1980
b318c028-ac91-4612-928d-9783bcfa4845,k.A.,Erdwin,Kampe,
a7186403-c0b7-42b0-baf8-f3fb8a0777e6,Herr,Theo,Bradley,23.11.1941
2cf939b1-bf46-4b61-ae35-d53a0d147291,Frau,Ella,Fein,
cf34579f-84e5-4d3e-9e96-58a5b5d3297f,Frau,Caroline,Brost,
a87f335d-cd11-4038-859f-a9f3bb18e3cb,Herr,Bertwald,Kranz,
a4d0d7bc-60f2-42ea-b392-537518382937,Herr,Waldemar,Schorr,
bdef7694-2fd9-442b-830b-dd5db1eb0f4c,Frau,Margreth,Krajewski,
436610a2-92f5-47dd-8536-5c1926aeb5d7,Herr,Sigenot,Dippold,
61ea3d27-b7f7-4f17-aca2-dd2c39212477,Frau,Karina,Freiberger,
62cab7c6-68df-4568-9b82-a3088fe578aa,Herr,Connor,Fecht,
41157418-d459-47d3-949a-a824d1d12ec8,Frau,Gertraude,Albers,
a92fe537-cb55-44cf-9027-1227febabbb7,Frau,Sissy,Stölting,
d376ac31-4418-4bc9-b701-f7735b9bbbdd,k.A.,Gundolf,Ingwersen,
1fd9444b-c1a8-4866-9587-7080da900cc8,Frau,Theres,Richardson,01.10.1968
dd5246f5-d265-43da-b21a-4ce037a5ba35,Frau,Birge,Buchwald,01.10.1917
d697aea0-3c3f-4870-a7a6-d609d3ee6877,Frau,Irmelinde,Rieker,
c483ddb7-4966-4b55-9613-a48540eb322d,Frau,Tara,Schnakenberg,
ba27b483-15be-4af6-b3bf-a52284f1c193,Frau,Mareen,Martensen,23.06.1902
31bc39c4-b182-4bd7-8802-d3eab7bd8bbc,Herr,Christhelm,Fritz,
6dfb87c4-4086-4adb-ba98-ea34552c460c,Herr,Nikodemus,Prüß,
b84c8588-04c6-4877-b332-3a133182b241,Herr,Freiwald,Dietzel,
5a5fad84-287a-489a-be14-143010d899a4,Frau,Borka,Thom,
7caca415-73ff-4cdc-b1a5-cb8bc9c3b15a,Herr,Baptist,Kegler,
4cb2379d-1a79-4385-ba2b-e79f632112ab,Frau,Traudel,Hannig,
3e935d0b-9f99-4300-a168-4543fc472032,Herr,Herger,Keitel,
07e5c3c8-5cf9-4c4b-aa76-ae6ee6104f1c,Frau,Monika,Böhler,
44a13444-c74d-4273-88e5-8b759934a3dd,Frau,Hermelinde,Thomann,
93a28c05-e2a5-4c5c-aaac-c6a1d42a0686,Herr,Burckhard,Zabel,
c0aee9eb-98ad-45d9-9af7-44c5fcb7b111,Herr,Markus,Gschwendtner,
71656d2a-68bc-4ea7-b183-84cdb77a5cae,Herr,Veith,Weinberger,18.02.1907
839fc546-ad08-4668-9867-198a364e9d25,Herr,Pierre,Robben,
6caaaf2e-07d1-4d40-83d9-bdb534fac969,Frau,Utta,Bauer,06.11.1972
bb8f2618-0d89-4cc4-bb65-45a9ea40e41d,Herr,Johann,Reifschneider,
1ad919e9-f0c6-4962-8ca0-ff9e7af91541,Frau,Doris,Wille,
c5405f72-34ae-4417-861e-feb9f838a4f1,Herr,Jannes,Deters,
ffc475c4-f155-4017-9341-72c8e62f7d43,Herr,Heidfried,Hornung,
20946b5b-72bd-414b-aa32-feb53444f55b,Frau,Carin,Tiedemann,
d8db3231-3b0c-4015-ac03-c58ed271944b,Herr,Alrik,Endres,15.11.2017
e104cc7a-a953-4e23-b581-b9221576fa9d,Herr,Kian,Wetzstein,
01c461f6-8049-4ded-ab9c-c4f85819f917,Frau,Edeltrudis,Sander,
bf4b0362-0ad2-41e0-bcb2-0da92b8abcf3,Herr,Nunzius,Nikolai,
6240a2d1-bb03-449d-b0ab-27a6a9ac569e,k.A.,Maximiliane,Knipp,
2591be31-3327-4cb5-b049-aa6d97d35538,Frau,Ortrud,Krueger,
b0e89d44-5d8b-40c5-a11f-46c64838e631,Herr,Trauhard,Kopietz,10.05.1932
f83aac8f-913e-458a-8ffc-f23428854be6,Herr,Sigwart,Heyer,
cd313aea-37f4-4548-857f-def3c114796e,Frau,Sandra,Hollmann,
ee417554-cfb5-4368-a9cd-a81b660a323e,Herr,Thaddäus,Ertl,
2c18b792-00a5-42af-8e81-20eb16cbcbd9,Frau,Ruthilde,Trippel,20.09.1904
91aa4194-68d3-42e4-863b-0633ab825df2,k.A.,Hartmann,Hermann,
31488be7-d316-423f-a560-8d87604e73f8,Herr,Manuel,Graßmann,
ad9f8f3a-7b30-459e-a981-23e71dd154d5,Frau,Alinde,Temmen,
cf58e2fa-4f66-454b-bda1-5cd20578b246,Frau,Irmingard,Dornbusch,13.03.1935
717eff0c-cd49-4da1-9de9-74174eaee0db,Herr,Jörgfried,Coleman,
4db0bd56-8262-4711-a407-49799ebb11b1,Frau,Waltraut,Schweikert,22.08.2007
4541dedc-44cc-494b-abd9-d4b66e5067c9,Herr,Reinhardt,Appel,
1d6ec0a7-da8c-4a7f-9f33-2742cf10e95b,k.A.,Gottwalt,Dauner,
631b42b8-8817-46c7-a84e-72b3d5df182d,Frau,Fine,Seiz,
5f82531d-b1a5-41a5-b7e1-faf96ca9b5d4,Frau,Daniele,Seebacher,25.04.1966
d09be65f-00d7-4ce2-b2c6-1793ab5851a9,Frau,Birgit,Tams,17.07.2013
3897c97c-5e9c-40f6-babc-6dba7b4fbb42,k.A.,Adelina,Ahmed,
f4c1400a-6083-4b98-997d-deb1496a133e,Frau,Almtrud,Salazar,15.07.1909
79c2bf57-c326-43d0-bf24-a9e0c15e4600,Herr,Hannes,Guggemos,
b060f7b3-2da5-4a67-a5bd-430a3ed2f7d2,Frau,Valentina,Krey,
24d89070-7a51-4480-9481-7ebdd27bebfd,Frau,Rena,Kollmer,
bf5c1f83-72f6-4fc4-ac7d-fe79d235ad74,Frau,Erica,Böker,
410eb8fb-6c81-4696-b469-2962e87383b2,Frau,Margareth,Ambros,
3ea1fba6-7853-40cd-8c2d-57b8ac388f48,Herr,Heimar,Dreisbach,
01855199-2a0f-4de6-8d2b-f3da477db13f,Herr,Burghard,Köppl,
4391fe76-eb9b-41c8-a050-b4fe5f4f48bf,Frau,Ruth,Homm,
6ec8ee05-cd8d-4a2b-a24b-ee8083fe4372,Herr,Wolfrid,Lenke,
bc0bc82b-c0a1-48a1-9c10-f474ae6ffa0c,Frau,Zoe,Breitkopf,
31b99144-46a2-4dd7-8a72-ec4ab82db68d,Herr,Utto,Seiwert,
ed5c755b-0152-4cc9-accb-c4559d122a73,Herr,Ottheinrich,Böschen,
c55e11d0-4076-4584-a46b-3838e7368909,Herr,Heiderich,Lohrer,24.03.1937
db59dc7b-98dd-4fbb-b34d-976712574c98,k.A.,Bartold,Fürst,
2e2c0bf7-d831-486b-8fcc-8140d3c39487,Herr,Justus,Eisenberg,
91e47fb0-8ca7-48b3-a06f-b1751261af2c,k.A.,Werngard,Solbach,
b90ac95d-c59d-421a-b1d0-8cdad5a491fd,k.A.,Joschua,Burmester,30.10.1908
b5a207f8-e3dd-439d-a8a0-72d001674042,Frau,Madeleine,Middendorf,
22172e70-ee29-4155-96f5-92b9a46e40d9,Herr,Raik,Tobias,
a4e51748-bbdb-450a-b79f-eb662824df31,Frau,Juliane,Lorenzen,
a890be67-0c4e-471d-94cf-0e016ddcc0f7,Frau,Ingeborg,Sandner,16.02.1962
d7a831c7-726e-49f2-aac0-7ffec85c2fe5,Herr,Treufried,Schwank,
748dfeac-2549-4b4d-ae6f-203fcaa5e2cc,k.A.,Hildburga,Burmester,10.06.2011
4aa139f9-6b5b-4e12-b4bb-f99bf778ce59,Herr,Hilar,Küster,03.04.1997
2d8b7437-13e4-4db8-8c16-02448b858cb1,Herr,Rouven,Niedermeyer,
1427a3b5-5498-461a-92b3-d4dbaf13dc31,Frau,Hildelies,Alexander,21.10.2004
536d641b-155c-4cb6-aa7f-6767e3c82e23,Frau,Lona,Emig,19.10.1978
c0599851-2812-4d29-bf21-1c910a9d5ec3,Frau,Ilsegard,Steindl,
741d8230-1112-4fdf-9dc1-642c6c02de99,Herr,Norfried,Rothenberger,
4617cbd7-e31f-41ce-bff7-1a8823e85200,Frau,Annkathrin,Bechmann,
d7d7aafd-ff05-4288-bb7b-b14f8bb232cf,k.A.,Eberhardt,Pfuhl,
1ee02b47-2ceb-4814-99f8-4ab2ede992be,k.A.,Siegrid,Steinmetz,
a878169e-efeb-4b04-8421-c39c2564aaf3,Herr,Egbert,Nielsen,
f4d71d98-14dd-4efc-95ec-8e5eb2225149,Herr,Rupertus,Lohmeyer,
28c82b20-ea33-489d-b6c5-1fd6a8ee5174,Frau,Janette,Lopez,
de354df4-9794-466e-8698-852c3db101f4,Herr,Heinzjörg,Hamberger,
62b63231-49e1-4951-bdc2-13b2ecb71dd2,k.A.,Bianca,Buck,
adf09764-7241-4846-9320-553a30e11034,Herr,Danny,Malz,
3826f0b2-9ad7-447d-8e1e-278ad9e40166,Herr,Germo,Preuß,
b270aaa1-f444-453a-af88-9c098dcf8deb,k.A.,Isgard,Schwald,
8aecfb5b-bea9-4d44-bd00-e8a8ca0cbb68,Frau,Loreliese,Steininger,
73f7fe7a-27a5-4540-a9b3-c516aa2ae172,Frau,Adina,Rolf,31.07.1911
6e9e9070-01a9-4ddb-88bd-1a701c802d7c,Herr,Ornulf,Ullmann,
95a02a19-a380-44c2-b81d-574d71632f93,Herr,Timm,Nilles,
95a96092-60f6-40b4-b40a-125a6b0cd30a,Herr,Eckfried,Schremmer,
07f4d7e7-75c1-4455-b903-7efae02bdc2c,Frau,Nortrud,Haake,
20c14fc6-407d-438e-bb24-fc7fd5fada82,k.A.,Annekathrin,Asche,
df2e2838-108b-4609-8c2d-3252d2981ca2,Frau,Ilsabe,Düsterhöft,13.01.1912
e01978a8-8fa2-4a93-88a4-75c7f956e762,Herr,Roger,Exner,
7b4ba095-4c9e-4915-856e-b1c41630b53c,Herr,Yannik,Schnitker,
911c8f8c-5570-4b5f-9919-71ae09f5dc88,Frau,Eugenie,Engelhart,08.01.1925
afbc346d-0eae-420d-912d-4a02adeec444,Herr,Thaddäus,Bersch,
c125468a-62d0-4761-89a3-1c8c9369885e,Herr,Irminfried,Stolzenburg,14.06.1943
11383482-6562-42ef-b084-9ace55611a6c,Frau,Meike,Goßmann,
a3ce8d18-62df-453f-9cf1-ceea3fd3df27,Herr,Xaver,Eder,
786f3dff-bab8-4fe9-82c2-44277ea361a0,Herr,Sigurd,Feyerabend,09.11.1990
642954eb-0f63-4329-a7f4-ef25d67f6639,Herr,Sergius,Brutto,
5dc2cbf1-07a4-4d11-829d-002e9c1c4e87,Frau,Anneruth,Krippner,
a1e1cec5-51ef-4628-9a84-f2ae2ce6f173,Frau,Anouk,Rehberg,
eeb0b562-b4da-4eec-9f7d-296fa135a9ef,Frau,Kristina,Röhrle,19.09.1936
fc379182-1153-4694-9eda-ce1a329b5f74,Frau,Leongard,Kugel,
937149c5-51bb-4ecb-a4f1-68c4c94557e5,Herr,Haug,Asam,18.10.1965
8b0d9bc3-c003-4608-b17a-21897774a481,Frau,Dorette,Fiedler,
aebcad93-ff6c-4c2a-8947-86c6f2fd62f4,Frau,Emmy,Barnett,18.04.1936
190553bd-29e2-48d2-9434-412687c49181,Herr,Hubertus,Aulbach,13.02.1953
ac6d7c19-1fa0-4b2e-92dc-e228f0d2b07e,Herr,Heinzfried,Poll,
80c83145-850a-439b-8ee5-801c96ebb49b,Frau,Hannelie,Adler,
735cc49c-c613-4125-a2b8-3d24322cf5e2,Frau,Lottemaria,Vorndran,
7832666e-ac94-4018-bbf3-7d4a80de1e9d,Frau,Dorkas,Habermehl,
29973ce3-7b37-47ab-bfc1-4225eafabd99,Frau,Ellengard,Russell,09.07.1957
113353df-f040-4624-898d-6feb19060d91,Frau,Swenja,Böge,
9e10e379-1a0f-4b4c-91bd-adaee26cc743,Frau,Marielene,Herbert,
80d4a013-5c85-4f54-bdd0-8f0fca65a6a5,Herr,Markward,Christians,
51a0f993-ee07-4d72-b6ce-ac4838e1dc25,Frau,Hilde,Simonis,
927d6a5e-08e6-4fc7-b19d-1d98c96f6b67,Herr,Maic,Cannon,
f2eb2658-14b2-4ee2-8ed7-aa8807be99fc,Frau,Hildburg,Lind,20.12.2013
5cdf8279-8be7-45d3-b211-0bfdcc905be3,k.A.,Pascal,Schlaak,
8cb3d539-8068-4b67-9c45-47b1adf77cb4,Herr,Franzl,Wefers,25.05.1965
613cec11-b5b0-49c8-b969-2eebc191ee7f,Herr,Wilmar,Schwertfeger,
dbf39e15-aa67-4010-8d04-138fbb1d8ebf,Herr,Hansjörn,Kaps,
39c7d9ba-506f-4c30-a353-ae56cd605fd7,Frau,Lilia,Boecker,
d1610f7c-770d-48dc-b220-9700652f903b,Herr,Nikodem,Heuser,06.08.1962
0663f2bf-7987-4b90-8dcc-d464bcc85798,Frau,Else,Unger,
4afa5202-f009-4ec9-a63c-e02f2a5e5244,k.A.,Leonie,Irle,
78b32cc5-7329-4f7b-9e4d-0109e1ba6f09,Herr,Volkmar,Gaspar,
a4f055fc-d7f0-4ed9-b08a-8cba17ff5926,Frau,Traude,Bialek,
e13b9d76-60f7-41d8-8046-7eeef8f90f10,Herr,Florentius,Oestreich,18.04.2017
95c1df91-5c7a-4fa3-8602-ac63b0bb8b03,Frau,Rhiane,Fritze,
70ff79a2-f476-46ef-b09f-8e0487db3ad6,Herr,Aaron,Stolle,
6fe5ff07-0476-419a-81af-825f81ddf92a,Herr,Mats,Boysen,
1455b14b-0506-47c2-bc01-f0ce5f5139e3,Herr,Burghard,Geßler,
7e9631b4-73e0-4307-99e0-3267d0b98990,Frau,Eunike,Möhlmann,
416f6027-28a7-4670-b052-d6dc771cd559,Herr,Germar,Bange,
1754c5e6-4dcd-4d04-ad17-9e052e4675e2,Frau,Mathilda,Zacher,
31260814-25f9-4415-b5b3-9e5f2e3a2e35,Frau,Margund,Junghanns,02.09.1967
3a9d05ec-2c2e-4d4e-ae2c-ba947faa3ec5,Herr,Vinzent,Grub,
bd9be3f9-feb5-4125-8b33-12be960b1d1a,Herr,Eik,Knobloch,06.08.1944
f07663f5-dcad-4317-b83e-0db50679f7ee,k.A.,Florine,Reichstein,
b05fc29e-0e35-47b9-93f3-36b68ad9435f,Frau,Burglinde,Gleichmann,
46b2b42e-6f24-46ec-b950-4ee66a206060,Herr,Collin,Dangel,
49ebadf8-b64e-4b7d-8d98-000180558d7d,Herr,Siegmund,Schnieder,
6ab89cf3-96e1-4e29-b6b8-e19712e74e6b,Herr,Hartwig,Höh,
4370e999-97aa-4ff7-9e5d-289a001a1ad5,Frau,Donate,Kirstein,24.04.1934
e430ceb6-f8fd-41f6-bbcc-2d54b552b2aa,Herr,Clemens,Melcher,06.12.1918
0686e0ab-ae34-4d05-991f-e4d8d04f9e66,Frau,Hildegard,Gille,
5e8e5653-5130-4f21-9fc0-92ce37d6dacb,Herr,Neidhard,Hamberger,
aff6b7d1-7caa-408c-a780-b525273be51d,Herr,Ulf,Karpinski,
3b6f186e-f518-4831-998c-7904c8422064,Herr,Lois,Gast,
689d4971-7103-4eed-8d45-43ceafe421b5,Herr,Antonius,Erickson,
f726ea7a-a00e-497d-adc3-b67bc2c41389,Frau,Gotelind,Sitter,
6ea05c38-9e10-408f-a7be-8256d5dbf79a,Herr,Bernt,Hoeft,16.03.1958
445641f1-06aa-47d5-8345-4f0a92ded460,Herr,Tobias,Diedrichs,10.12.1932
d73f5878-6c90-42a2-b2a1-c3ddc9ef6b91,Herr,Luc,Hoh,
f3f507a5-fb41-459c-9f25-675fab351b50,k.A.,Thies,Geßler,
b4ffc875-e5d0-4929-bb2b-a4580c45346e,Frau,Betty,Münzer,
